{
  "type": "FeatureCollection",
  "bbox": [
    26.5255318,
    37.2687988,
    26.6142973,
    37.3807027
  ],
  "features": [
    {
      "type": "Feature",
      "id": "osm/relation/533714",
      "bbox": [
        26.5255318,
        37.2687988,
        26.6142973,
        37.3807027
      ],
      "properties": {
        "name": "Patmos",
        "name_el": "Πάτμος",
        "osm_type": "relation",
        "osm_id": 533714,
        "source": "OpenStreetMap",
        "source_url": "https://api.openstreetmap.org/api/0.6/relation/533714/full.json",
        "source_date": "2024-12-07T19:25:21Z",
        "retrieved_at": "2026-10-03T10:40:01.131Z",
        "license": "ODbL-1.0",
        "attribution": "© OpenStreetMap contributors",
        "attribution_url": "https://www.openstreetmap.org/copyright",
        "reconstruction_note": "Modern mapped coastline; not a surveyed reconstruction of the first-century shoreline."
      },
      "geometry": {
        "type": "Polygon",
        "coordinates": [
          [
            [
              26.5624543,
              37.303409
            ],
            [
              26.5624681,
              37.303273
            ],
            [
              26.5626808,
              37.3032473
            ],
            [
              26.5627037,
              37.303368
            ],
            [
              26.5628228,
              37.303354
            ],
            [
              26.5628007,
              37.3032298
            ],
            [
              26.5631809,
              37.3031864
            ],
            [
              26.5631999,
              37.303325
            ],
            [
              26.5634486,
              37.3032808
            ],
            [
              26.563435,
              37.3032365
            ],
            [
              26.5634452,
              37.3032352
            ],
            [
              26.5634638,
              37.303223
            ],
            [
              26.5634562,
              37.3032009
            ],
            [
              26.5635495,
              37.3031817
            ],
            [
              26.5636985,
              37.3030679
            ],
            [
              26.5637572,
              37.302904
            ],
            [
              26.5637273,
              37.302865
            ],
            [
              26.5643375,
              37.3025775
            ],
            [
              26.5643438,
              37.3025713
            ],
            [
              26.5643669,
              37.302474
            ],
            [
              26.564482,
              37.3023963
            ],
            [
              26.5644594,
              37.3023786
            ],
            [
              26.5644817,
              37.3023635
            ],
            [
              26.564586,
              37.3022929
            ],
            [
              26.5646154,
              37.3022286
            ],
            [
              26.5652417,
              37.301788
            ],
            [
              26.5656067,
              37.3015053
            ],
            [
              26.5656456,
              37.3014007
            ],
            [
              26.5657234,
              37.3012047
            ],
            [
              26.5656814,
              37.3010614
            ],
            [
              26.5655539,
              37.3009756
            ],
            [
              26.5655377,
              37.3008866
            ],
            [
              26.5656752,
              37.3007042
            ],
            [
              26.5657616,
              37.3006243
            ],
            [
              26.5658338,
              37.3005837
            ],
            [
              26.5660125,
              37.3005606
            ],
            [
              26.566136,
              37.300602
            ],
            [
              26.5662006,
              37.3006514
            ],
            [
              26.5662445,
              37.300701
            ],
            [
              26.5662701,
              37.3007396
            ],
            [
              26.5662654,
              37.3007805
            ],
            [
              26.5662493,
              37.3008169
            ],
            [
              26.5661056,
              37.3008688
            ],
            [
              26.5660485,
              37.30093
            ],
            [
              26.5659911,
              37.3009658
            ],
            [
              26.5658688,
              37.3010036
            ],
            [
              26.5658711,
              37.3010382
            ],
            [
              26.5658942,
              37.3010789
            ],
            [
              26.5659907,
              37.3010659
            ],
            [
              26.5660298,
              37.3010897
            ],
            [
              26.5659343,
              37.301266
            ],
            [
              26.5659939,
              37.3013949
            ],
            [
              26.5660743,
              37.3015144
            ],
            [
              26.5661937,
              37.3016226
            ],
            [
              26.566568,
              37.3017017
            ],
            [
              26.5667441,
              37.3017695
            ],
            [
              26.5671107,
              37.3017584
            ],
            [
              26.5676232,
              37.3015938
            ],
            [
              26.5678235,
              37.3015504
            ],
            [
              26.5678984,
              37.3014422
            ],
            [
              26.568065,
              37.3014335
            ],
            [
              26.568276,
              37.3014152
            ],
            [
              26.5684748,
              37.3015128
            ],
            [
              26.5685608,
              37.301489
            ],
            [
              26.5686065,
              37.3014131
            ],
            [
              26.5686669,
              37.3013368
            ],
            [
              26.5687481,
              37.3012858
            ],
            [
              26.5688611,
              37.3013222
            ],
            [
              26.5687969,
              37.301398
            ],
            [
              26.5688292,
              37.3014892
            ],
            [
              26.5687407,
              37.3015399
            ],
            [
              26.5687968,
              37.3015935
            ],
            [
              26.5688108,
              37.3016869
            ],
            [
              26.5690716,
              37.3019638
            ],
            [
              26.5690481,
              37.3020956
            ],
            [
              26.5691399,
              37.302221
            ],
            [
              26.5694036,
              37.3024244
            ],
            [
              26.5694383,
              37.3024359
            ],
            [
              26.5695093,
              37.3024395
            ],
            [
              26.5695099,
              37.3023965
            ],
            [
              26.5696095,
              37.3023452
            ],
            [
              26.5697041,
              37.3023281
            ],
            [
              26.5697907,
              37.3023216
            ],
            [
              26.5698853,
              37.3023301
            ],
            [
              26.5698991,
              37.3023824
            ],
            [
              26.5698819,
              37.3024469
            ],
            [
              26.5699376,
              37.3024792
            ],
            [
              26.5701516,
              37.3024858
            ],
            [
              26.5703469,
              37.3025144
            ],
            [
              26.5706109,
              37.3026374
            ],
            [
              26.5707353,
              37.3026368
            ],
            [
              26.5710366,
              37.3027626
            ],
            [
              26.5710469,
              37.3028185
            ],
            [
              26.5714046,
              37.3028448
            ],
            [
              26.571669,
              37.3027731
            ],
            [
              26.5718397,
              37.302642
            ],
            [
              26.5719641,
              37.3024962
            ],
            [
              26.5718525,
              37.3023671
            ],
            [
              26.5717798,
              37.3023263
            ],
            [
              26.5717805,
              37.3023029
            ],
            [
              26.5718334,
              37.3022903
            ],
            [
              26.5718871,
              37.3022935
            ],
            [
              26.5718331,
              37.3022308
            ],
            [
              26.5718862,
              37.3021656
            ],
            [
              26.5719561,
              37.3021633
            ],
            [
              26.5720326,
              37.3022117
            ],
            [
              26.5721593,
              37.3021141
            ],
            [
              26.5722438,
              37.3021256
            ],
            [
              26.5723188,
              37.3020627
            ],
            [
              26.572479,
              37.3021032
            ],
            [
              26.5726842,
              37.3020524
            ],
            [
              26.5726913,
              37.3020062
            ],
            [
              26.5727322,
              37.3019516
            ],
            [
              26.5727908,
              37.3020107
            ],
            [
              26.5728208,
              37.3020496
            ],
            [
              26.5727817,
              37.302103
            ],
            [
              26.5727925,
              37.3021243
            ],
            [
              26.5726806,
              37.3021686
            ],
            [
              26.5727258,
              37.302238
            ],
            [
              26.5727017,
              37.3022733
            ],
            [
              26.5726578,
              37.3023549
            ],
            [
              26.5727973,
              37.3024802
            ],
            [
              26.5729267,
              37.3024199
            ],
            [
              26.5730011,
              37.3024425
            ],
            [
              26.5729968,
              37.3025382
            ],
            [
              26.5730603,
              37.3024531
            ],
            [
              26.5734449,
              37.3023926
            ],
            [
              26.5734785,
              37.3023236
            ],
            [
              26.5736098,
              37.3023426
            ],
            [
              26.5736355,
              37.3023395
            ],
            [
              26.5736242,
              37.3023103
            ],
            [
              26.5735593,
              37.3022395
            ],
            [
              26.5735925,
              37.3022163
            ],
            [
              26.5736664,
              37.3022057
            ],
            [
              26.5737047,
              37.3022331
            ],
            [
              26.5737395,
              37.3022204
            ],
            [
              26.5738225,
              37.3021847
            ],
            [
              26.5738682,
              37.3021862
            ],
            [
              26.5738764,
              37.3022195
            ],
            [
              26.5738579,
              37.3022508
            ],
            [
              26.5737926,
              37.3023052
            ],
            [
              26.5740396,
              37.3022941
            ],
            [
              26.5740364,
              37.3023115
            ],
            [
              26.574004,
              37.3023507
            ],
            [
              26.5739612,
              37.3023865
            ],
            [
              26.5737432,
              37.3025177
            ],
            [
              26.5736199,
              37.3026105
            ],
            [
              26.573663,
              37.3026545
            ],
            [
              26.5737025,
              37.3027507
            ],
            [
              26.5737578,
              37.3027575
            ],
            [
              26.573811,
              37.3027175
            ],
            [
              26.5738295,
              37.3026932
            ],
            [
              26.5738847,
              37.3026674
            ],
            [
              26.5739169,
              37.302664
            ],
            [
              26.5739284,
              37.3026665
            ],
            [
              26.5739029,
              37.3027365
            ],
            [
              26.5737804,
              37.3028332
            ],
            [
              26.5735226,
              37.3029674
            ],
            [
              26.5734765,
              37.3029082
            ],
            [
              26.573336,
              37.3030047
            ],
            [
              26.5733368,
              37.3031238
            ],
            [
              26.5734316,
              37.3031864
            ],
            [
              26.5733349,
              37.3032695
            ],
            [
              26.5732719,
              37.3033132
            ],
            [
              26.5733366,
              37.3033481
            ],
            [
              26.5733379,
              37.3034142
            ],
            [
              26.573229,
              37.303461
            ],
            [
              26.573132,
              37.3034723
            ],
            [
              26.5730525,
              37.3036277
            ],
            [
              26.5731754,
              37.3037689
            ],
            [
              26.5732572,
              37.3037864
            ],
            [
              26.5732137,
              37.303853
            ],
            [
              26.5729936,
              37.3039753
            ],
            [
              26.5731408,
              37.3039482
            ],
            [
              26.5732045,
              37.3039636
            ],
            [
              26.5731832,
              37.304012
            ],
            [
              26.5729275,
              37.3040397
            ],
            [
              26.5728971,
              37.304115
            ],
            [
              26.5728197,
              37.3041032
            ],
            [
              26.5727486,
              37.3042306
            ],
            [
              26.5726945,
              37.3042823
            ],
            [
              26.5724232,
              37.3045026
            ],
            [
              26.5722727,
              37.3045927
            ],
            [
              26.5723012,
              37.3047399
            ],
            [
              26.5722975,
              37.3047913
            ],
            [
              26.5721395,
              37.3048221
            ],
            [
              26.5720637,
              37.3049374
            ],
            [
              26.571972,
              37.3049385
            ],
            [
              26.5719758,
              37.305063
            ],
            [
              26.5718853,
              37.3050775
            ],
            [
              26.5719183,
              37.3051758
            ],
            [
              26.571852,
              37.3051543
            ],
            [
              26.5718085,
              37.3051139
            ],
            [
              26.5718018,
              37.3051231
            ],
            [
              26.5717275,
              37.3052259
            ],
            [
              26.5717212,
              37.3053613
            ],
            [
              26.5717178,
              37.3054357
            ],
            [
              26.5717731,
              37.3054386
            ],
            [
              26.5718852,
              37.3054545
            ],
            [
              26.5719479,
              37.3054894
            ],
            [
              26.5718873,
              37.3055735
            ],
            [
              26.5720114,
              37.305565
            ],
            [
              26.5720444,
              37.3055987
            ],
            [
              26.5719671,
              37.3056575
            ],
            [
              26.5719527,
              37.3057158
            ],
            [
              26.5715792,
              37.3057532
            ],
            [
              26.5713272,
              37.3061533
            ],
            [
              26.571358,
              37.3063225
            ],
            [
              26.571521,
              37.306506
            ],
            [
              26.5717699,
              37.3066213
            ],
            [
              26.5721355,
              37.3065118
            ],
            [
              26.5721635,
              37.3065035
            ],
            [
              26.5722265,
              37.3064846
            ],
            [
              26.5722583,
              37.3065281
            ],
            [
              26.5725614,
              37.3065402
            ],
            [
              26.5727022,
              37.3065805
            ],
            [
              26.5727605,
              37.3065968
            ],
            [
              26.5728188,
              37.3066769
            ],
            [
              26.5726933,
              37.3067583
            ],
            [
              26.5727187,
              37.306852
            ],
            [
              26.5726618,
              37.3069266
            ],
            [
              26.5724103,
              37.3071564
            ],
            [
              26.5721695,
              37.3072241
            ],
            [
              26.5719653,
              37.3073241
            ],
            [
              26.5717682,
              37.3073679
            ],
            [
              26.5715322,
              37.3074144
            ],
            [
              26.5714943,
              37.3075341
            ],
            [
              26.571343,
              37.307557
            ],
            [
              26.5710022,
              37.3076164
            ],
            [
              26.5708975,
              37.3075876
            ],
            [
              26.5711352,
              37.307436
            ],
            [
              26.5710464,
              37.3073176
            ],
            [
              26.5708818,
              37.3072428
            ],
            [
              26.5706859,
              37.3072054
            ],
            [
              26.5703803,
              37.3073072
            ],
            [
              26.5704707,
              37.3074339
            ],
            [
              26.5704549,
              37.307617
            ],
            [
              26.5703647,
              37.3076874
            ],
            [
              26.5704683,
              37.3077939
            ],
            [
              26.5702863,
              37.3081002
            ],
            [
              26.5701308,
              37.3080414
            ],
            [
              26.5700532,
              37.3080783
            ],
            [
              26.5700537,
              37.3081464
            ],
            [
              26.5697923,
              37.3083187
            ],
            [
              26.5697998,
              37.3083953
            ],
            [
              26.5696239,
              37.3084331
            ],
            [
              26.5694691,
              37.3086623
            ],
            [
              26.569233,
              37.3087366
            ],
            [
              26.5692069,
              37.3088498
            ],
            [
              26.5691101,
              37.3088729
            ],
            [
              26.569243,
              37.3090785
            ],
            [
              26.5691208,
              37.3093495
            ],
            [
              26.5689854,
              37.3093414
            ],
            [
              26.5688964,
              37.3094077
            ],
            [
              26.5688661,
              37.3094972
            ],
            [
              26.5689349,
              37.3096204
            ],
            [
              26.5686382,
              37.3098527
            ],
            [
              26.5686601,
              37.3099387
            ],
            [
              26.5686472,
              37.309998
            ],
            [
              26.568572,
              37.3100209
            ],
            [
              26.568471,
              37.3100216
            ],
            [
              26.5682612,
              37.3098736
            ],
            [
              26.5680444,
              37.3095736
            ],
            [
              26.5677101,
              37.3094164
            ],
            [
              26.5674035,
              37.3093547
            ],
            [
              26.567073,
              37.3094017
            ],
            [
              26.5662695,
              37.3099909
            ],
            [
              26.5660723,
              37.3102463
            ],
            [
              26.565915,
              37.3105839
            ],
            [
              26.5659795,
              37.3106194
            ],
            [
              26.5660565,
              37.3106582
            ],
            [
              26.5660401,
              37.3106905
            ],
            [
              26.5660238,
              37.3107455
            ],
            [
              26.5659739,
              37.3107431
            ],
            [
              26.5657534,
              37.3106469
            ],
            [
              26.565607,
              37.3106647
            ],
            [
              26.5655746,
              37.310723
            ],
            [
              26.5654263,
              37.3107328
            ],
            [
              26.5653847,
              37.3107053
            ],
            [
              26.5652455,
              37.3107102
            ],
            [
              26.565022,
              37.3108934
            ],
            [
              26.5649286,
              37.3109898
            ],
            [
              26.5649896,
              37.3110283
            ],
            [
              26.5650262,
              37.3110815
            ],
            [
              26.5649449,
              37.311113
            ],
            [
              26.5648575,
              37.3111287
            ],
            [
              26.5647905,
              37.3111768
            ],
            [
              26.5646414,
              37.3111759
            ],
            [
              26.5645568,
              37.3111593
            ],
            [
              26.5644514,
              37.3110427
            ],
            [
              26.5643867,
              37.3110392
            ],
            [
              26.5640894,
              37.3111288
            ],
            [
              26.5639617,
              37.3112716
            ],
            [
              26.5638675,
              37.3114732
            ],
            [
              26.5638464,
              37.31168
            ],
            [
              26.5640129,
              37.3118707
            ],
            [
              26.5641545,
              37.3119642
            ],
            [
              26.5641467,
              37.312041
            ],
            [
              26.5638336,
              37.3123547
            ],
            [
              26.5637868,
              37.3123258
            ],
            [
              26.5637517,
              37.3123039
            ],
            [
              26.56358,
              37.3124936
            ],
            [
              26.5634037,
              37.3125495
            ],
            [
              26.563369,
              37.3126547
            ],
            [
              26.5633937,
              37.3127018
            ],
            [
              26.5634433,
              37.3127234
            ],
            [
              26.5633888,
              37.3127881
            ],
            [
              26.5633429,
              37.3127926
            ],
            [
              26.5633082,
              37.3127763
            ],
            [
              26.5632372,
              37.3128387
            ],
            [
              26.5632881,
              37.3128903
            ],
            [
              26.5631241,
              37.3131202
            ],
            [
              26.562814,
              37.3135397
            ],
            [
              26.5628217,
              37.3136088
            ],
            [
              26.5627091,
              37.3136947
            ],
            [
              26.5625746,
              37.3137331
            ],
            [
              26.5623865,
              37.3137123
            ],
            [
              26.5616551,
              37.3133983
            ],
            [
              26.561615,
              37.3134299
            ],
            [
              26.5614404,
              37.3132926
            ],
            [
              26.5611759,
              37.3132369
            ],
            [
              26.5610563,
              37.3131598
            ],
            [
              26.5610604,
              37.3131336
            ],
            [
              26.5610819,
              37.3131073
            ],
            [
              26.561134,
              37.3130694
            ],
            [
              26.5610504,
              37.3130083
            ],
            [
              26.5610063,
              37.3129522
            ],
            [
              26.5611066,
              37.3128737
            ],
            [
              26.5611555,
              37.3127838
            ],
            [
              26.561169,
              37.3127163
            ],
            [
              26.5612391,
              37.31267
            ],
            [
              26.5612773,
              37.3126012
            ],
            [
              26.5612843,
              37.3125147
            ],
            [
              26.5613036,
              37.3124973
            ],
            [
              26.5613137,
              37.3124882
            ],
            [
              26.5613556,
              37.3124505
            ],
            [
              26.5613992,
              37.3123766
            ],
            [
              26.5614022,
              37.3122947
            ],
            [
              26.5614025,
              37.3122858
            ],
            [
              26.5614088,
              37.3121124
            ],
            [
              26.5614092,
              37.3120997
            ],
            [
              26.5614123,
              37.3120152
            ],
            [
              26.561434,
              37.3119245
            ],
            [
              26.5614295,
              37.3119066
            ],
            [
              26.5614313,
              37.3118627
            ],
            [
              26.5613966,
              37.311822
            ],
            [
              26.5611903,
              37.3116496
            ],
            [
              26.5608168,
              37.3115374
            ],
            [
              26.5603153,
              37.3115062
            ],
            [
              26.5597093,
              37.3115498
            ],
            [
              26.5594534,
              37.3116724
            ],
            [
              26.5584034,
              37.3120152
            ],
            [
              26.558243,
              37.312086
            ],
            [
              26.5582072,
              37.3121133
            ],
            [
              26.5581976,
              37.3121206
            ],
            [
              26.5580691,
              37.3122187
            ],
            [
              26.5577347,
              37.3126529
            ],
            [
              26.5577687,
              37.3129811
            ],
            [
              26.5574657,
              37.3139159
            ],
            [
              26.557437,
              37.3142919
            ],
            [
              26.5578041,
              37.3151802
            ],
            [
              26.5579208,
              37.3153962
            ],
            [
              26.5579468,
              37.3154735
            ],
            [
              26.557888,
              37.3155521
            ],
            [
              26.5574363,
              37.3161952
            ],
            [
              26.5572018,
              37.3163553
            ],
            [
              26.5569044,
              37.3164537
            ],
            [
              26.556705,
              37.3166873
            ],
            [
              26.5566071,
              37.3171103
            ],
            [
              26.5563261,
              37.317396
            ],
            [
              26.556221,
              37.317657
            ],
            [
              26.55613,
              37.3177042
            ],
            [
              26.5560249,
              37.3176641
            ],
            [
              26.5560402,
              37.3175734
            ],
            [
              26.5559181,
              37.317545
            ],
            [
              26.5556097,
              37.3175223
            ],
            [
              26.5551859,
              37.3175282
            ],
            [
              26.5535367,
              37.3178881
            ],
            [
              26.5531322,
              37.317916
            ],
            [
              26.5522425,
              37.3177963
            ],
            [
              26.551766,
              37.3179314
            ],
            [
              26.5510827,
              37.3183809
            ],
            [
              26.5507539,
              37.3187715
            ],
            [
              26.5501149,
              37.3190624
            ],
            [
              26.5497691,
              37.3194077
            ],
            [
              26.5493042,
              37.3196673
            ],
            [
              26.5491083,
              37.3198896
            ],
            [
              26.549029,
              37.3201521
            ],
            [
              26.5486799,
              37.3202551
            ],
            [
              26.5483116,
              37.3202863
            ],
            [
              26.5480635,
              37.3204795
            ],
            [
              26.5472773,
              37.3216406
            ],
            [
              26.547071,
              37.3221536
            ],
            [
              26.5468803,
              37.3223468
            ],
            [
              26.5466761,
              37.3225001
            ],
            [
              26.5467096,
              37.3225598
            ],
            [
              26.5467788,
              37.3226669
            ],
            [
              26.5467941,
              37.3226947
            ],
            [
              26.5468371,
              37.3227176
            ],
            [
              26.5468632,
              37.3227621
            ],
            [
              26.5468747,
              37.3227881
            ],
            [
              26.5468677,
              37.3228067
            ],
            [
              26.5468417,
              37.3228084
            ],
            [
              26.5467883,
              37.3228032
            ],
            [
              26.546769,
              37.3227756
            ],
            [
              26.5465833,
              37.3225455
            ],
            [
              26.5464647,
              37.3224796
            ],
            [
              26.5459225,
              37.3226083
            ],
            [
              26.5457921,
              37.3226628
            ],
            [
              26.5457667,
              37.3226096
            ],
            [
              26.5456226,
              37.3227149
            ],
            [
              26.5454651,
              37.3227992
            ],
            [
              26.5458129,
              37.3232165
            ],
            [
              26.5446897,
              37.3238282
            ],
            [
              26.5439793,
              37.324222
            ],
            [
              26.5435595,
              37.3239597
            ],
            [
              26.5434729,
              37.3239056
            ],
            [
              26.542732,
              37.3246727
            ],
            [
              26.5426866,
              37.3247911
            ],
            [
              26.5426887,
              37.3248803
            ],
            [
              26.5427189,
              37.3250371
            ],
            [
              26.542753,
              37.3252253
            ],
            [
              26.5429378,
              37.3255376
            ],
            [
              26.5431874,
              37.3258405
            ],
            [
              26.5434774,
              37.3262309
            ],
            [
              26.5438256,
              37.3264557
            ],
            [
              26.5439027,
              37.3264713
            ],
            [
              26.5439961,
              37.3265322
            ],
            [
              26.5442998,
              37.3268991
            ],
            [
              26.5443233,
              37.3269571
            ],
            [
              26.5443004,
              37.3269802
            ],
            [
              26.5442732,
              37.3269855
            ],
            [
              26.5441246,
              37.3269693
            ],
            [
              26.543976,
              37.3269606
            ],
            [
              26.5437521,
              37.3278192
            ],
            [
              26.5439771,
              37.3293491
            ],
            [
              26.543955,
              37.3293685
            ],
            [
              26.5439119,
              37.3293571
            ],
            [
              26.5438595,
              37.3293512
            ],
            [
              26.5437866,
              37.3293792
            ],
            [
              26.5437465,
              37.3294158
            ],
            [
              26.543772,
              37.3294824
            ],
            [
              26.5438149,
              37.3295252
            ],
            [
              26.5439007,
              37.3295752
            ],
            [
              26.5442647,
              37.3297418
            ],
            [
              26.5446125,
              37.3299295
            ],
            [
              26.5450593,
              37.3300129
            ],
            [
              26.5451267,
              37.3300255
            ],
            [
              26.5453737,
              37.3300418
            ],
            [
              26.5456663,
              37.3300612
            ],
            [
              26.5456998,
              37.3300634
            ],
            [
              26.5458627,
              37.3300568
            ],
            [
              26.5459566,
              37.3300212
            ],
            [
              26.5460914,
              37.3299417
            ],
            [
              26.5460015,
              37.3297496
            ],
            [
              26.5459818,
              37.3297178
            ],
            [
              26.5459981,
              37.3297102
            ],
            [
              26.54596,
              37.3296605
            ],
            [
              26.5456497,
              37.3290054
            ],
            [
              26.545722,
              37.3288158
            ],
            [
              26.5457584,
              37.3288291
            ],
            [
              26.5456954,
              37.328994
            ],
            [
              26.5460188,
              37.3296691
            ],
            [
              26.5460154,
              37.329675
            ],
            [
              26.5460273,
              37.3296994
            ],
            [
              26.546054,
              37.329698
            ],
            [
              26.5460854,
              37.3297589
            ],
            [
              26.5468468,
              37.3295076
            ],
            [
              26.5467302,
              37.3292669
            ],
            [
              26.5472054,
              37.3291021
            ],
            [
              26.5468914,
              37.3285178
            ],
            [
              26.546398,
              37.3286857
            ],
            [
              26.5461123,
              37.3281483
            ],
            [
              26.5461644,
              37.3281292
            ],
            [
              26.5461918,
              37.328121
            ],
            [
              26.5462571,
              37.3280977
            ],
            [
              26.5462844,
              37.3280552
            ],
            [
              26.5463516,
              37.3280328
            ],
            [
              26.5464362,
              37.3280259
            ],
            [
              26.5465174,
              37.3280523
            ],
            [
              26.5465741,
              37.3280687
            ],
            [
              26.5466898,
              37.3280403
            ],
            [
              26.5466795,
              37.327957
            ],
            [
              26.546685,
              37.3278815
            ],
            [
              26.5468965,
              37.3273724
            ],
            [
              26.5469775,
              37.3272572
            ],
            [
              26.5470391,
              37.3271841
            ],
            [
              26.5470823,
              37.3270455
            ],
            [
              26.5473464,
              37.3267412
            ],
            [
              26.5474678,
              37.3266003
            ],
            [
              26.5475798,
              37.3264778
            ],
            [
              26.5476547,
              37.3264144
            ],
            [
              26.5477328,
              37.3263621
            ],
            [
              26.5478324,
              37.3262954
            ],
            [
              26.5478872,
              37.3262688
            ],
            [
              26.54795,
              37.3262384
            ],
            [
              26.5485638,
              37.3259639
            ],
            [
              26.549822,
              37.3253496
            ],
            [
              26.5499105,
              37.3251648
            ],
            [
              26.5504742,
              37.3247852
            ],
            [
              26.5510107,
              37.3236505
            ],
            [
              26.5512241,
              37.3234477
            ],
            [
              26.551525,
              37.3233118
            ],
            [
              26.5521753,
              37.3229732
            ],
            [
              26.5523637,
              37.3230212
            ],
            [
              26.5525037,
              37.3229879
            ],
            [
              26.5526081,
              37.3229134
            ],
            [
              26.5527141,
              37.3229986
            ],
            [
              26.5529789,
              37.3230169
            ],
            [
              26.5533873,
              37.3231989
            ],
            [
              26.553491,
              37.3231771
            ],
            [
              26.5537521,
              37.3233394
            ],
            [
              26.5539079,
              37.323543
            ],
            [
              26.5539023,
              37.3240329
            ],
            [
              26.5537795,
              37.3241559
            ],
            [
              26.5536994,
              37.3241981
            ],
            [
              26.5536691,
              37.3242436
            ],
            [
              26.5537328,
              37.3243613
            ],
            [
              26.5538266,
              37.3245416
            ],
            [
              26.5540176,
              37.3246652
            ],
            [
              26.5543366,
              37.3246375
            ],
            [
              26.5544605,
              37.3247369
            ],
            [
              26.554502,
              37.3247573
            ],
            [
              26.554563,
              37.3247133
            ],
            [
              26.5545747,
              37.3248132
            ],
            [
              26.5550538,
              37.3251646
            ],
            [
              26.555008,
              37.325398
            ],
            [
              26.5547717,
              37.3258354
            ],
            [
              26.5548065,
              37.3260469
            ],
            [
              26.5551022,
              37.3263795
            ],
            [
              26.5552981,
              37.3265605
            ],
            [
              26.5561613,
              37.3268697
            ],
            [
              26.5564878,
              37.3269041
            ],
            [
              26.5566987,
              37.326856
            ],
            [
              26.556733,
              37.3266606
            ],
            [
              26.5569788,
              37.3265651
            ],
            [
              26.5575162,
              37.3265787
            ],
            [
              26.5578877,
              37.3264969
            ],
            [
              26.5582568,
              37.3263225
            ],
            [
              26.5584787,
              37.3261065
            ],
            [
              26.5584561,
              37.3257373
            ],
            [
              26.5584823,
              37.3254523
            ],
            [
              26.5586108,
              37.3252335
            ],
            [
              26.5587738,
              37.3250227
            ],
            [
              26.558946,
              37.3249466
            ],
            [
              26.559214,
              37.32495
            ],
            [
              26.5592688,
              37.3250272
            ],
            [
              26.5593115,
              37.3251541
            ],
            [
              26.5593009,
              37.3252432
            ],
            [
              26.5592663,
              37.3253504
            ],
            [
              26.5592849,
              37.3254349
            ],
            [
              26.5593199,
              37.3255598
            ],
            [
              26.559376,
              37.3256529
            ],
            [
              26.5594726,
              37.3257409
            ],
            [
              26.5597778,
              37.325986
            ],
            [
              26.5600537,
              37.3260513
            ],
            [
              26.5601576,
              37.3260027
            ],
            [
              26.5602917,
              37.3260406
            ],
            [
              26.5603129,
              37.3263128
            ],
            [
              26.5605149,
              37.3265758
            ],
            [
              26.5606389,
              37.3266007
            ],
            [
              26.5608343,
              37.3265651
            ],
            [
              26.5610291,
              37.3266365
            ],
            [
              26.5611907,
              37.3266954
            ],
            [
              26.5612765,
              37.3268408
            ],
            [
              26.5614451,
              37.3268204
            ],
            [
              26.5615109,
              37.3267386
            ],
            [
              26.561608,
              37.3267499
            ],
            [
              26.5616233,
              37.3267902
            ],
            [
              26.5615852,
              37.3268408
            ],
            [
              26.5617868,
              37.3268749
            ],
            [
              26.561515,
              37.3271252
            ],
            [
              26.5612492,
              37.3271297
            ],
            [
              26.5611177,
              37.3271775
            ],
            [
              26.5610891,
              37.3272729
            ],
            [
              26.5611606,
              37.3273229
            ],
            [
              26.5611259,
              37.3274127
            ],
            [
              26.5601573,
              37.3277684
            ],
            [
              26.5593598,
              37.327848
            ],
            [
              26.5590139,
              37.3278207
            ],
            [
              26.5587967,
              37.3279116
            ],
            [
              26.5586519,
              37.328093
            ],
            [
              26.5585309,
              37.3280934
            ],
            [
              26.5584194,
              37.3281412
            ],
            [
              26.5583165,
              37.3283275
            ],
            [
              26.5583336,
              37.3284548
            ],
            [
              26.5579131,
              37.3291173
            ],
            [
              26.5574433,
              37.3293879
            ],
            [
              26.5557852,
              37.3294036
            ],
            [
              26.5550398,
              37.3298233
            ],
            [
              26.5547032,
              37.3306171
            ],
            [
              26.5549808,
              37.3312526
            ],
            [
              26.5554029,
              37.3318509
            ],
            [
              26.5557057,
              37.3321062
            ],
            [
              26.5557975,
              37.3322011
            ],
            [
              26.5561095,
              37.3324492
            ],
            [
              26.5564034,
              37.332605
            ],
            [
              26.557644,
              37.3319974
            ],
            [
              26.5588267,
              37.3314046
            ],
            [
              26.559445,
              37.3312141
            ],
            [
              26.5600633,
              37.3308668
            ],
            [
              26.560326,
              37.3308964
            ],
            [
              26.560564,
              37.3310827
            ],
            [
              26.5600633,
              37.3320862
            ],
            [
              26.5600041,
              37.3330919
            ],
            [
              26.5603342,
              37.3338561
            ],
            [
              26.5596179,
              37.3356266
            ],
            [
              26.5594266,
              37.335855
            ],
            [
              26.5594638,
              37.3362393
            ],
            [
              26.5600271,
              37.3362454
            ],
            [
              26.5600339,
              37.3365435
            ],
            [
              26.5598681,
              37.3368416
            ],
            [
              26.5594313,
              37.3370669
            ],
            [
              26.5597083,
              37.3373163
            ],
            [
              26.5602882,
              37.3371759
            ],
            [
              26.5607941,
              37.3372118
            ],
            [
              26.5608948,
              37.3375142
            ],
            [
              26.5605385,
              37.3377437
            ],
            [
              26.5604533,
              37.3379145
            ],
            [
              26.5581722,
              37.3394532
            ],
            [
              26.5574379,
              37.3396404
            ],
            [
              26.5566729,
              37.3402057
            ],
            [
              26.5562062,
              37.3403265
            ],
            [
              26.555764,
              37.3408269
            ],
            [
              26.5556733,
              37.3411681
            ],
            [
              26.5556954,
              37.3414392
            ],
            [
              26.5557694,
              37.3418343
            ],
            [
              26.5559078,
              37.3421104
            ],
            [
              26.5564138,
              37.3426105
            ],
            [
              26.557107,
              37.343122
            ],
            [
              26.5575182,
              37.3432297
            ],
            [
              26.5578098,
              37.3431931
            ],
            [
              26.5584162,
              37.3429409
            ],
            [
              26.5590908,
              37.3428204
            ],
            [
              26.5596313,
              37.34267
            ],
            [
              26.5600377,
              37.3424409
            ],
            [
              26.5601652,
              37.3424158
            ],
            [
              26.5605413,
              37.3424034
            ],
            [
              26.5611625,
              37.342383
            ],
            [
              26.5617856,
              37.3424537
            ],
            [
              26.5621117,
              37.3426208
            ],
            [
              26.5623948,
              37.3426927
            ],
            [
              26.56259,
              37.3426572
            ],
            [
              26.5634374,
              37.3422573
            ],
            [
              26.5637005,
              37.3423067
            ],
            [
              26.5638978,
              37.3424023
            ],
            [
              26.564092,
              37.3428784
            ],
            [
              26.5644928,
              37.3432756
            ],
            [
              26.5647058,
              37.3433031
            ],
            [
              26.5653221,
              37.3430456
            ],
            [
              26.5657473,
              37.3429865
            ],
            [
              26.5664308,
              37.3428977
            ],
            [
              26.5670875,
              37.3429074
            ],
            [
              26.5673978,
              37.3431252
            ],
            [
              26.5674262,
              37.3432768
            ],
            [
              26.5674191,
              37.3434284
            ],
            [
              26.5675425,
              37.3435643
            ],
            [
              26.5677013,
              37.343644
            ],
            [
              26.5678045,
              37.3435437
            ],
            [
              26.5680351,
              37.343494
            ],
            [
              26.5688261,
              37.3434123
            ],
            [
              26.568782,
              37.3434884
            ],
            [
              26.5685767,
              37.3434898
            ],
            [
              26.5686671,
              37.3435524
            ],
            [
              26.5684945,
              37.3435769
            ],
            [
              26.5685652,
              37.3436236
            ],
            [
              26.5684817,
              37.343734
            ],
            [
              26.5685638,
              37.3438912
            ],
            [
              26.5688879,
              37.343908
            ],
            [
              26.568752,
              37.3440851
            ],
            [
              26.5688912,
              37.3441114
            ],
            [
              26.5689313,
              37.3443967
            ],
            [
              26.5688552,
              37.3443423
            ],
            [
              26.5685658,
              37.3446273
            ],
            [
              26.568503,
              37.3450475
            ],
            [
              26.568129,
              37.3451939
            ],
            [
              26.5678323,
              37.3451615
            ],
            [
              26.5676865,
              37.3451169
            ],
            [
              26.5675799,
              37.3452138
            ],
            [
              26.5664731,
              37.3457218
            ],
            [
              26.5661475,
              37.3457554
            ],
            [
              26.5659328,
              37.3459874
            ],
            [
              26.5652511,
              37.3471536
            ],
            [
              26.565314,
              37.3474015
            ],
            [
              26.5654485,
              37.3476108
            ],
            [
              26.5654571,
              37.3479724
            ],
            [
              26.5652584,
              37.3481865
            ],
            [
              26.5653197,
              37.3483455
            ],
            [
              26.5652539,
              37.3485206
            ],
            [
              26.5653627,
              37.3486798
            ],
            [
              26.5652711,
              37.3489391
            ],
            [
              26.5650966,
              37.3489641
            ],
            [
              26.5648288,
              37.3494875
            ],
            [
              26.5648305,
              37.3495737
            ],
            [
              26.564965,
              37.3497511
            ],
            [
              26.565238,
              37.3500046
            ],
            [
              26.565701,
              37.3502898
            ],
            [
              26.5662842,
              37.3505761
            ],
            [
              26.5670349,
              37.3509445
            ],
            [
              26.5673659,
              37.3510521
            ],
            [
              26.5675858,
              37.3510771
            ],
            [
              26.5679119,
              37.3510998
            ],
            [
              26.5682824,
              37.3510767
            ],
            [
              26.56857,
              37.3509906
            ],
            [
              26.568896,
              37.3508414
            ],
            [
              26.5691046,
              37.3506653
            ],
            [
              26.5690778,
              37.3506116
            ],
            [
              26.5690309,
              37.3505659
            ],
            [
              26.5690018,
              37.3505141
            ],
            [
              26.5690077,
              37.3504971
            ],
            [
              26.5690282,
              37.3504383
            ],
            [
              26.5690446,
              37.3502398
            ],
            [
              26.5689339,
              37.3498761
            ],
            [
              26.56893,
              37.3498634
            ],
            [
              26.5689354,
              37.3498531
            ],
            [
              26.5690035,
              37.3497241
            ],
            [
              26.5689992,
              37.349535
            ],
            [
              26.5690933,
              37.3492395
            ],
            [
              26.5693621,
              37.3490096
            ],
            [
              26.5696658,
              37.3489527
            ],
            [
              26.5698487,
              37.3488806
            ],
            [
              26.570034,
              37.3489746
            ],
            [
              26.5701588,
              37.3490152
            ],
            [
              26.5703446,
              37.3490248
            ],
            [
              26.5704607,
              37.3489705
            ],
            [
              26.5706035,
              37.3488474
            ],
            [
              26.5707088,
              37.3486432
            ],
            [
              26.5708818,
              37.3486443
            ],
            [
              26.5709556,
              37.348462
            ],
            [
              26.5710542,
              37.3483708
            ],
            [
              26.5711652,
              37.3483572
            ],
            [
              26.5712413,
              37.3483692
            ],
            [
              26.5713911,
              37.3485595
            ],
            [
              26.5716239,
              37.3487742
            ],
            [
              26.5719016,
              37.3488387
            ],
            [
              26.5720115,
              37.3490432
            ],
            [
              26.571946,
              37.3491761
            ],
            [
              26.5719853,
              37.3493241
            ],
            [
              26.5720175,
              37.34938
            ],
            [
              26.5721153,
              37.3494185
            ],
            [
              26.5721273,
              37.3494919
            ],
            [
              26.5722158,
              37.3494925
            ],
            [
              26.5722868,
              37.3495347
            ],
            [
              26.5723327,
              37.3497171
            ],
            [
              26.5725529,
              37.3498265
            ],
            [
              26.5726722,
              37.3497682
            ],
            [
              26.5727456,
              37.3498922
            ],
            [
              26.5732932,
              37.3500792
            ],
            [
              26.5742596,
              37.3500235
            ],
            [
              26.5742596,
              37.3498119
            ],
            [
              26.5745377,
              37.3498404
            ],
            [
              26.574655,
              37.3496793
            ],
            [
              26.5748245,
              37.3495492
            ],
            [
              26.5748169,
              37.3494036
            ],
            [
              26.574881,
              37.3492605
            ],
            [
              26.575328,
              37.3491284
            ],
            [
              26.5758466,
              37.3490558
            ],
            [
              26.576102,
              37.3488973
            ],
            [
              26.5764551,
              37.3488139
            ],
            [
              26.5768317,
              37.3486898
            ],
            [
              26.5771707,
              37.3485017
            ],
            [
              26.5773138,
              37.3483542
            ],
            [
              26.5772744,
              37.3481945
            ],
            [
              26.5770729,
              37.3479309
            ],
            [
              26.5769269,
              37.3476673
            ],
            [
              26.5774317,
              37.3469992
            ],
            [
              26.577525,
              37.3469201
            ],
            [
              26.5776117,
              37.3468365
            ],
            [
              26.5777721,
              37.3467653
            ],
            [
              26.5779511,
              37.346819
            ],
            [
              26.5782423,
              37.3471792
            ],
            [
              26.5784531,
              37.3472542
            ],
            [
              26.5787508,
              37.3473602
            ],
            [
              26.5796815,
              37.347302
            ],
            [
              26.5802234,
              37.3470373
            ],
            [
              26.5805589,
              37.346669
            ],
            [
              26.5809548,
              37.346912
            ],
            [
              26.58119,
              37.3470564
            ],
            [
              26.581877,
              37.3471326
            ],
            [
              26.5825917,
              37.346712
            ],
            [
              26.5826758,
              37.3464659
            ],
            [
              26.5830852,
              37.3463879
            ],
            [
              26.5835573,
              37.346132
            ],
            [
              26.5843941,
              37.3453985
            ],
            [
              26.5849091,
              37.3451426
            ],
            [
              26.5858747,
              37.3450403
            ],
            [
              26.5863253,
              37.3453303
            ],
            [
              26.5864283,
              37.3453896
            ],
            [
              26.586482,
              37.3454206
            ],
            [
              26.5871836,
              37.345825
            ],
            [
              26.5881492,
              37.3460297
            ],
            [
              26.5888438,
              37.3461066
            ],
            [
              26.58907,
              37.3461317
            ],
            [
              26.5894996,
              37.3460649
            ],
            [
              26.5898232,
              37.3458463
            ],
            [
              26.5898284,
              37.3452101
            ],
            [
              26.5902968,
              37.3448966
            ],
            [
              26.5904881,
              37.3445114
            ],
            [
              26.5908607,
              37.3441381
            ],
            [
              26.5913553,
              37.3438489
            ],
            [
              26.5915816,
              37.3437374
            ],
            [
              26.5918858,
              37.3437075
            ],
            [
              26.5920989,
              37.3435019
            ],
            [
              26.592312,
              37.3434708
            ],
            [
              26.5925125,
              37.3434161
            ],
            [
              26.5927062,
              37.343337
            ],
            [
              26.5930301,
              37.3434777
            ],
            [
              26.5933823,
              37.343407
            ],
            [
              26.5944363,
              37.3433173
            ],
            [
              26.5958311,
              37.3430444
            ],
            [
              26.5959255,
              37.3426754
            ],
            [
              26.596253,
              37.3426691
            ],
            [
              26.5967083,
              37.3423579
            ],
            [
              26.5970756,
              37.3422767
            ],
            [
              26.5974512,
              37.3422182
            ],
            [
              26.5978107,
              37.3423007
            ],
            [
              26.5980823,
              37.3423007
            ],
            [
              26.5984258,
              37.3421991
            ],
            [
              26.5985376,
              37.3420276
            ],
            [
              26.5987133,
              37.3421928
            ],
            [
              26.5989849,
              37.3421293
            ],
            [
              26.599157,
              37.3419696
            ],
            [
              26.5992645,
              37.3418308
            ],
            [
              26.5991766,
              37.3416847
            ],
            [
              26.5990497,
              37.3415431
            ],
            [
              26.5996465,
              37.3411853
            ],
            [
              26.6001497,
              37.3408835
            ],
            [
              26.6003395,
              37.3407326
            ],
            [
              26.6005819,
              37.3403471
            ],
            [
              26.6009086,
              37.3398779
            ],
            [
              26.6011827,
              37.3397773
            ],
            [
              26.6013935,
              37.339375
            ],
            [
              26.6014251,
              37.3389895
            ],
            [
              26.6012881,
              37.338713
            ],
            [
              26.6010668,
              37.3385035
            ],
            [
              26.6005608,
              37.3383095
            ],
            [
              26.6004765,
              37.3382772
            ],
            [
              26.600402,
              37.338055
            ],
            [
              26.6000549,
              37.3370201
            ],
            [
              26.6011089,
              37.3356541
            ],
            [
              26.6019465,
              37.3347702
            ],
            [
              26.6027111,
              37.3348244
            ],
            [
              26.6029851,
              37.3351345
            ],
            [
              26.6028692,
              37.3355619
            ],
            [
              26.6027954,
              37.3358133
            ],
            [
              26.6030273,
              37.336224
            ],
            [
              26.6035332,
              37.3365676
            ],
            [
              26.6039338,
              37.3373721
            ],
            [
              26.6044924,
              37.3380845
            ],
            [
              26.6052935,
              37.3382437
            ],
            [
              26.605947,
              37.3382605
            ],
            [
              26.6063239,
              37.3380629
            ],
            [
              26.606433,
              37.3374289
            ],
            [
              26.6061715,
              37.3372878
            ],
            [
              26.6062556,
              37.3371244
            ],
            [
              26.6066852,
              37.3372284
            ],
            [
              26.6076379,
              37.3363744
            ],
            [
              26.6077593,
              37.336419
            ],
            [
              26.6076192,
              37.3367011
            ],
            [
              26.6081609,
              37.3367606
            ],
            [
              26.6091959,
              37.3363454
            ],
            [
              26.6093645,
              37.3362433
            ],
            [
              26.6103278,
              37.3361887
            ],
            [
              26.611169,
              37.3361753
            ],
            [
              26.6113621,
              37.33626
            ],
            [
              26.6120102,
              37.3361436
            ],
            [
              26.6118197,
              37.3365359
            ],
            [
              26.6121678,
              37.337414
            ],
            [
              26.6122979,
              37.337605
            ],
            [
              26.6124712,
              37.3376379
            ],
            [
              26.6125635,
              37.3377078
            ],
            [
              26.612686,
              37.3378327
            ],
            [
              26.6128173,
              37.3379162
            ],
            [
              26.6131765,
              37.3379116
            ],
            [
              26.6135875,
              37.3376962
            ],
            [
              26.6135832,
              37.3377844
            ],
            [
              26.6134609,
              37.3378898
            ],
            [
              26.6134029,
              37.3379964
            ],
            [
              26.6134786,
              37.3380447
            ],
            [
              26.6135288,
              37.3381498
            ],
            [
              26.6135785,
              37.3381974
            ],
            [
              26.6136562,
              37.3382114
            ],
            [
              26.6135186,
              37.3383304
            ],
            [
              26.6135265,
              37.338416
            ],
            [
              26.6134602,
              37.3385117
            ],
            [
              26.6135766,
              37.3388477
            ],
            [
              26.6137065,
              37.3392973
            ],
            [
              26.6141665,
              37.3395898
            ],
            [
              26.6142973,
              37.3403547
            ],
            [
              26.6139144,
              37.3410676
            ],
            [
              26.6133633,
              37.34132
            ],
            [
              26.6123733,
              37.3413869
            ],
            [
              26.6116167,
              37.3415057
            ],
            [
              26.6107107,
              37.3415428
            ],
            [
              26.6094872,
              37.3418547
            ],
            [
              26.6092163,
              37.3420329
            ],
            [
              26.6090301,
              37.342019
            ],
            [
              26.6089127,
              37.3418895
            ],
            [
              26.6085065,
              37.3419215
            ],
            [
              26.608272,
              37.3420667
            ],
            [
              26.6083664,
              37.3421814
            ],
            [
              26.6085906,
              37.3432581
            ],
            [
              26.6084261,
              37.3433493
            ],
            [
              26.608006,
              37.343228
            ],
            [
              26.6077313,
              37.3434289
            ],
            [
              26.6070681,
              37.3434437
            ],
            [
              26.6067713,
              37.3435669
            ],
            [
              26.6067446,
              37.3439349
            ],
            [
              26.6065077,
              37.3439932
            ],
            [
              26.6062089,
              37.343919
            ],
            [
              26.6059884,
              37.3439972
            ],
            [
              26.6060968,
              37.3441788
            ],
            [
              26.6060501,
              37.344461
            ],
            [
              26.6056946,
              37.3452112
            ],
            [
              26.6054312,
              37.3450756
            ],
            [
              26.6050509,
              37.3450899
            ],
            [
              26.604811,
              37.3452217
            ],
            [
              26.604747,
              37.3455724
            ],
            [
              26.6044076,
              37.3456661
            ],
            [
              26.6036675,
              37.3458291
            ],
            [
              26.6033516,
              37.3460273
            ],
            [
              26.6033571,
              37.3463471
            ],
            [
              26.6029713,
              37.3464932
            ],
            [
              26.6028679,
              37.3463594
            ],
            [
              26.6026861,
              37.3464865
            ],
            [
              26.6027157,
              37.3468074
            ],
            [
              26.6018284,
              37.3475647
            ],
            [
              26.6009411,
              37.3476167
            ],
            [
              26.6008192,
              37.3474645
            ],
            [
              26.6007866,
              37.3471405
            ],
            [
              26.6005612,
              37.3471186
            ],
            [
              26.6001565,
              37.3469039
            ],
            [
              26.5999344,
              37.3468812
            ],
            [
              26.5996947,
              37.3466519
            ],
            [
              26.5995628,
              37.3466479
            ],
            [
              26.5996109,
              37.3468925
            ],
            [
              26.5995993,
              37.3471156
            ],
            [
              26.599372,
              37.3471786
            ],
            [
              26.5991375,
              37.3471662
            ],
            [
              26.5990844,
              37.3472936
            ],
            [
              26.5992335,
              37.3475393
            ],
            [
              26.5993784,
              37.347625
            ],
            [
              26.5990739,
              37.3488978
            ],
            [
              26.5987411,
              37.3492772
            ],
            [
              26.598717,
              37.3496483
            ],
            [
              26.5986986,
              37.3500209
            ],
            [
              26.5987419,
              37.350329
            ],
            [
              26.598883,
              37.3506158
            ],
            [
              26.5991105,
              37.3508168
            ],
            [
              26.5995961,
              37.3508168
            ],
            [
              26.5996148,
              37.3509727
            ],
            [
              26.5993159,
              37.3511138
            ],
            [
              26.5995308,
              37.3515667
            ],
            [
              26.5992354,
              37.3517153
            ],
            [
              26.5995086,
              37.3519841
            ],
            [
              26.5995647,
              37.3523596
            ],
            [
              26.599728,
              37.3529112
            ],
            [
              26.5996148,
              37.3529328
            ],
            [
              26.5991945,
              37.3530813
            ],
            [
              26.5990077,
              37.3535936
            ],
            [
              26.5991572,
              37.3539277
            ],
            [
              26.5988489,
              37.3542098
            ],
            [
              26.5987569,
              37.3544062
            ],
            [
              26.5988275,
              37.3546672
            ],
            [
              26.5989036,
              37.3551118
            ],
            [
              26.5990234,
              37.3553545
            ],
            [
              26.5987751,
              37.3553746
            ],
            [
              26.5988956,
              37.3557095
            ],
            [
              26.5985127,
              37.355858
            ],
            [
              26.598463,
              37.3560278
            ],
            [
              26.5986248,
              37.3561847
            ],
            [
              26.5990502,
              37.3562883
            ],
            [
              26.5995275,
              37.3567438
            ],
            [
              26.5994518,
              37.3569666
            ],
            [
              26.5991978,
              37.3569648
            ],
            [
              26.5991146,
              37.3573572
            ],
            [
              26.5991758,
              37.357625
            ],
            [
              26.5986528,
              37.3582931
            ],
            [
              26.5984347,
              37.3583039
            ],
            [
              26.5982979,
              37.3581595
            ],
            [
              26.598466,
              37.3577363
            ],
            [
              26.5980737,
              37.3576175
            ],
            [
              26.5976161,
              37.3575804
            ],
            [
              26.5970183,
              37.357714
            ],
            [
              26.5964953,
              37.3581075
            ],
            [
              26.5959349,
              37.3601194
            ],
            [
              26.5954305,
              37.3604906
            ],
            [
              26.5952531,
              37.3611364
            ],
            [
              26.5946646,
              37.3616784
            ],
            [
              26.5945152,
              37.3620792
            ],
            [
              26.5948047,
              37.3623836
            ],
            [
              26.5952437,
              37.3626063
            ],
            [
              26.5959536,
              37.3627696
            ],
            [
              26.5963645,
              37.3629626
            ],
            [
              26.5964859,
              37.3632522
            ],
            [
              26.5963178,
              37.3638238
            ],
            [
              26.596047,
              37.3643434
            ],
            [
              26.5958782,
              37.3643677
            ],
            [
              26.5954585,
              37.3641133
            ],
            [
              26.5947861,
              37.364284
            ],
            [
              26.5940762,
              37.3640984
            ],
            [
              26.5938133,
              37.3640207
            ],
            [
              26.5937925,
              37.363858
            ],
            [
              26.5936299,
              37.3638034
            ],
            [
              26.5934897,
              37.3635624
            ],
            [
              26.5934869,
              37.3633289
            ],
            [
              26.5932169,
              37.3632893
            ],
            [
              26.5928807,
              37.3634897
            ],
            [
              26.5925631,
              37.36346
            ],
            [
              26.5919093,
              37.3634526
            ],
            [
              26.5917918,
              37.3633696
            ],
            [
              26.5914872,
              37.3636472
            ],
            [
              26.591377,
              37.3636976
            ],
            [
              26.5908726,
              37.3640613
            ],
            [
              26.5908446,
              37.3644325
            ],
            [
              26.5910676,
              37.3647719
            ],
            [
              26.5910743,
              37.364898
            ],
            [
              26.5911125,
              37.3649793
            ],
            [
              26.5912659,
              37.3649942
            ],
            [
              26.5915063,
              37.365221
            ],
            [
              26.5914542,
              37.3653454
            ],
            [
              26.5913583,
              37.3653307
            ],
            [
              26.5908568,
              37.3649521
            ],
            [
              26.5906017,
              37.3645735
            ],
            [
              26.5904878,
              37.3645316
            ],
            [
              26.5903122,
              37.3646287
            ],
            [
              26.5901958,
              37.364793
            ],
            [
              26.5898863,
              37.3649196
            ],
            [
              26.5895561,
              37.3649285
            ],
            [
              26.5894798,
              37.3650927
            ],
            [
              26.5892978,
              37.3653278
            ],
            [
              26.5891464,
              37.3652447
            ],
            [
              26.5890738,
              37.365072
            ],
            [
              26.5891122,
              37.3649311
            ],
            [
              26.5886211,
              37.3649983
            ],
            [
              26.5885683,
              37.3649437
            ],
            [
              26.5885855,
              37.3648198
            ],
            [
              26.5885217,
              37.3646959
            ],
            [
              26.5880893,
              37.3647443
            ],
            [
              26.5879305,
              37.3649014
            ],
            [
              26.5878464,
              37.3651525
            ],
            [
              26.5880426,
              37.3655014
            ],
            [
              26.587725,
              37.3657687
            ],
            [
              26.5868004,
              37.3660582
            ],
            [
              26.5863167,
              37.3666915
            ],
            [
              26.5861412,
              37.3667685
            ],
            [
              26.5859411,
              37.3664145
            ],
            [
              26.5857263,
              37.3657984
            ],
            [
              26.5853994,
              37.3655534
            ],
            [
              26.5845369,
              37.3656199
            ],
            [
              26.5843439,
              37.3652936
            ],
            [
              26.5834753,
              37.3652119
            ],
            [
              26.5826441,
              37.3653158
            ],
            [
              26.5812711,
              37.3657093
            ],
            [
              26.580197,
              37.366318
            ],
            [
              26.5793909,
              37.3664511
            ],
            [
              26.5783383,
              37.3662512
            ],
            [
              26.5779294,
              37.3663826
            ],
            [
              26.5773726,
              37.3662006
            ],
            [
              26.5766665,
              37.3664145
            ],
            [
              26.5757698,
              37.3668376
            ],
            [
              26.575116,
              37.3673424
            ],
            [
              26.5747424,
              37.3677878
            ],
            [
              26.5744902,
              37.3683445
            ],
            [
              26.5747704,
              37.3689235
            ],
            [
              26.5752281,
              37.3691833
            ],
            [
              26.5750973,
              37.3700666
            ],
            [
              26.5751627,
              37.3706604
            ],
            [
              26.5754242,
              37.3709722
            ],
            [
              26.5753308,
              37.3716254
            ],
            [
              26.5754149,
              37.3721969
            ],
            [
              26.5757231,
              37.3724864
            ],
            [
              26.575499,
              37.3731915
            ],
            [
              26.5755737,
              37.3739115
            ],
            [
              26.5760252,
              37.3743405
            ],
            [
              26.5768439,
              37.375678
            ],
            [
              26.5772879,
              37.3759727
            ],
            [
              26.5778059,
              37.3765612
            ],
            [
              26.5775117,
              37.3768437
            ],
            [
              26.5772175,
              37.3769695
            ],
            [
              26.576755,
              37.3767975
            ],
            [
              26.5765637,
              37.3763905
            ],
            [
              26.5751721,
              37.3768581
            ],
            [
              26.5738458,
              37.3771253
            ],
            [
              26.5706328,
              37.377823
            ],
            [
              26.5697268,
              37.3780753
            ],
            [
              26.56922,
              37.3790781
            ],
            [
              26.5687905,
              37.3787811
            ],
            [
              26.5686659,
              37.3789098
            ],
            [
              26.5685829,
              37.3789561
            ],
            [
              26.5681094,
              37.3787502
            ],
            [
              26.5674666,
              37.3789289
            ],
            [
              26.5669248,
              37.3793816
            ],
            [
              26.5671397,
              37.3797379
            ],
            [
              26.5669529,
              37.38025
            ],
            [
              26.5664111,
              37.3807027
            ],
            [
              26.5663644,
              37.3799754
            ],
            [
              26.5663214,
              37.3794854
            ],
            [
              26.5666727,
              37.3792109
            ],
            [
              26.5664441,
              37.3789884
            ],
            [
              26.5665606,
              37.3785504
            ],
            [
              26.5679522,
              37.3782535
            ],
            [
              26.5686247,
              37.3776003
            ],
            [
              26.5687305,
              37.3768673
            ],
            [
              26.5680721,
              37.3756054
            ],
            [
              26.5675058,
              37.3753667
            ],
            [
              26.5668779,
              37.374893
            ],
            [
              26.5662627,
              37.3748039
            ],
            [
              26.5659403,
              37.3747342
            ],
            [
              26.5662243,
              37.37429
            ],
            [
              26.5659276,
              37.3740752
            ],
            [
              26.565253,
              37.3740377
            ],
            [
              26.5649167,
              37.3737408
            ],
            [
              26.564319,
              37.3737185
            ],
            [
              26.5635806,
              37.3740402
            ],
            [
              26.5628308,
              37.3739685
            ],
            [
              26.5623484,
              37.3739893
            ],
            [
              26.5618037,
              37.3742033
            ],
            [
              26.5606243,
              37.3744984
            ],
            [
              26.5599155,
              37.3746945
            ],
            [
              26.5595645,
              37.3745516
            ],
            [
              26.5594723,
              37.3742132
            ],
            [
              26.5595234,
              37.3739044
            ],
            [
              26.5598198,
              37.373585
            ],
            [
              26.5597989,
              37.3731622
            ],
            [
              26.5596035,
              37.3733782
            ],
            [
              26.5595429,
              37.3733596
            ],
            [
              26.5598989,
              37.371845
            ],
            [
              26.5601176,
              37.3716761
            ],
            [
              26.5602406,
              37.3716224
            ],
            [
              26.5605893,
              37.3715334
            ],
            [
              26.5606641,
              37.3715351
            ],
            [
              26.5607576,
              37.3715701
            ],
            [
              26.5607859,
              37.3716272
            ],
            [
              26.5608377,
              37.371708
            ],
            [
              26.5609226,
              37.3716804
            ],
            [
              26.5610365,
              37.37164
            ],
            [
              26.5610774,
              37.3715777
            ],
            [
              26.5610992,
              37.3715591
            ],
            [
              26.5611452,
              37.3715199
            ],
            [
              26.5611034,
              37.3714266
            ],
            [
              26.561043,
              37.3713699
            ],
            [
              26.5610952,
              37.3712713
            ],
            [
              26.5611481,
              37.3711669
            ],
            [
              26.5612596,
              37.3710674
            ],
            [
              26.5613872,
              37.3710073
            ],
            [
              26.5616561,
              37.370906
            ],
            [
              26.5617107,
              37.3708565
            ],
            [
              26.5617206,
              37.3707891
            ],
            [
              26.5617269,
              37.3707255
            ],
            [
              26.5617193,
              37.3706831
            ],
            [
              26.5617236,
              37.3706533
            ],
            [
              26.5617485,
              37.3706545
            ],
            [
              26.5617556,
              37.3706625
            ],
            [
              26.5617658,
              37.370724
            ],
            [
              26.5617911,
              37.3707633
            ],
            [
              26.5617849,
              37.3708118
            ],
            [
              26.56181,
              37.3708541
            ],
            [
              26.5617797,
              37.3708678
            ],
            [
              26.5617524,
              37.3708811
            ],
            [
              26.5617656,
              37.3708983
            ],
            [
              26.5618258,
              37.3709144
            ],
            [
              26.5619123,
              37.3708788
            ],
            [
              26.5619153,
              37.3708386
            ],
            [
              26.5619154,
              37.3707854
            ],
            [
              26.5619168,
              37.3707535
            ],
            [
              26.5619162,
              37.3707333
            ],
            [
              26.5619387,
              37.3707381
            ],
            [
              26.5619473,
              37.3707683
            ],
            [
              26.5619395,
              37.3708132
            ],
            [
              26.5619356,
              37.3708527
            ],
            [
              26.5619443,
              37.370866
            ],
            [
              26.5620708,
              37.3707747
            ],
            [
              26.5621355,
              37.3707131
            ],
            [
              26.5622186,
              37.3706343
            ],
            [
              26.5622186,
              37.3703274
            ],
            [
              26.5620855,
              37.369954
            ],
            [
              26.5618549,
              37.3696552
            ],
            [
              26.5617282,
              37.3695627
            ],
            [
              26.5609835,
              37.3695866
            ],
            [
              26.5606162,
              37.3695825
            ],
            [
              26.5602719,
              37.3696908
            ],
            [
              26.5596589,
              37.3698915
            ],
            [
              26.558924,
              37.3701956
            ],
            [
              26.5576167,
              37.3706617
            ],
            [
              26.5571415,
              37.3708616
            ],
            [
              26.5571216,
              37.37079
            ],
            [
              26.5578607,
              37.3694338
            ],
            [
              26.5581384,
              37.3687163
            ],
            [
              26.5579875,
              37.368381
            ],
            [
              26.5578041,
              37.3681234
            ],
            [
              26.5559092,
              37.3678814
            ],
            [
              26.5553743,
              37.368227
            ],
            [
              26.5549532,
              37.3683529
            ],
            [
              26.5546083,
              37.3682855
            ],
            [
              26.5541481,
              37.3678903
            ],
            [
              26.5534766,
              37.367689
            ],
            [
              26.5532231,
              37.3673768
            ],
            [
              26.5531714,
              37.3671532
            ],
            [
              26.5529055,
              37.3668222
            ],
            [
              26.5523701,
              37.3668048
            ],
            [
              26.5517772,
              37.3663373
            ],
            [
              26.5512412,
              37.3663286
            ],
            [
              26.5507717,
              37.3661145
            ],
            [
              26.5501988,
              37.3661455
            ],
            [
              26.5499958,
              37.3663568
            ],
            [
              26.5495129,
              37.3666548
            ],
            [
              26.5488315,
              37.3667705
            ],
            [
              26.5484611,
              37.3666579
            ],
            [
              26.5481412,
              37.3668994
            ],
            [
              26.5478412,
              37.3668539
            ],
            [
              26.547441,
              37.366645
            ],
            [
              26.5464618,
              37.3664163
            ],
            [
              26.5458909,
              37.3664764
            ],
            [
              26.5451339,
              37.3669265
            ],
            [
              26.5444338,
              37.3674025
            ],
            [
              26.5438587,
              37.368186
            ],
            [
              26.5438802,
              37.3685583
            ],
            [
              26.54417,
              37.3688208
            ],
            [
              26.5444084,
              37.3689917
            ],
            [
              26.5446983,
              37.3689932
            ],
            [
              26.5451441,
              37.3691684
            ],
            [
              26.5454727,
              37.3694692
            ],
            [
              26.5455737,
              37.3697636
            ],
            [
              26.5455555,
              37.3704326
            ],
            [
              26.5456358,
              37.3710126
            ],
            [
              26.5456923,
              37.3713479
            ],
            [
              26.5458262,
              37.3714702
            ],
            [
              26.546074,
              37.3715151
            ],
            [
              26.546071,
              37.3718004
            ],
            [
              26.5456793,
              37.3722985
            ],
            [
              26.5450199,
              37.3726251
            ],
            [
              26.5446089,
              37.3730016
            ],
            [
              26.5448019,
              37.3732868
            ],
            [
              26.5447427,
              37.3736366
            ],
            [
              26.5441483,
              37.3739533
            ],
            [
              26.5437543,
              37.3737644
            ],
            [
              26.5431489,
              37.3740795
            ],
            [
              26.5425398,
              37.374154
            ],
            [
              26.5421835,
              37.3745615
            ],
            [
              26.5412758,
              37.3750275
            ],
            [
              26.5410281,
              37.3750762
            ],
            [
              26.5409467,
              37.375158
            ],
            [
              26.5409564,
              37.3752489
            ],
            [
              26.5409519,
              37.3753943
            ],
            [
              26.5406433,
              37.3757601
            ],
            [
              26.5403813,
              37.3757865
            ],
            [
              26.5399669,
              37.3757981
            ],
            [
              26.5399279,
              37.3758839
            ],
            [
              26.5399605,
              37.3761756
            ],
            [
              26.5398966,
              37.3763489
            ],
            [
              26.5398143,
              37.3764232
            ],
            [
              26.5397321,
              37.376512
            ],
            [
              26.5396056,
              37.3764995
            ],
            [
              26.5396269,
              37.376432
            ],
            [
              26.5394626,
              37.3763673
            ],
            [
              26.5393833,
              37.3763114
            ],
            [
              26.5391972,
              37.3763795
            ],
            [
              26.539009,
              37.3764447
            ],
            [
              26.5387978,
              37.3766714
            ],
            [
              26.5387078,
              37.3766918
            ],
            [
              26.5385185,
              37.3765515
            ],
            [
              26.5385248,
              37.3764752
            ],
            [
              26.538588,
              37.37636
            ],
            [
              26.5384479,
              37.3763072
            ],
            [
              26.5382639,
              37.3762102
            ],
            [
              26.5380499,
              37.3763943
            ],
            [
              26.5375689,
              37.3766156
            ],
            [
              26.5375967,
              37.3770816
            ],
            [
              26.5376489,
              37.3774507
            ],
            [
              26.5370155,
              37.3777028
            ],
            [
              26.5368533,
              37.3776868
            ],
            [
              26.5368373,
              37.3774914
            ],
            [
              26.5363658,
              37.3775229
            ],
            [
              26.536,
              37.3777159
            ],
            [
              26.5353759,
              37.3777696
            ],
            [
              26.5348981,
              37.3780818
            ],
            [
              26.5344203,
              37.3783874
            ],
            [
              26.5339343,
              37.3783571
            ],
            [
              26.5332879,
              37.3783287
            ],
            [
              26.533046,
              37.3781336
            ],
            [
              26.5328763,
              37.3781782
            ],
            [
              26.5329297,
              37.3780907
            ],
            [
              26.5332653,
              37.3775946
            ],
            [
              26.533292,
              37.3767755
            ],
            [
              26.5332953,
              37.3763948
            ],
            [
              26.5330611,
              37.3761592
            ],
            [
              26.5326806,
              37.3759495
            ],
            [
              26.532087,
              37.3755015
            ],
            [
              26.5319204,
              37.3751095
            ],
            [
              26.5320647,
              37.3748425
            ],
            [
              26.532209,
              37.3746594
            ],
            [
              26.5328827,
              37.3741204
            ],
            [
              26.5334101,
              37.3737754
            ],
            [
              26.5336947,
              37.3732018
            ],
            [
              26.5336622,
              37.3726153
            ],
            [
              26.5334975,
              37.3722971
            ],
            [
              26.5332443,
              37.3720928
            ],
            [
              26.5330446,
              37.3723267
            ],
            [
              26.5330911,
              37.3720106
            ],
            [
              26.5328867,
              37.3720271
            ],
            [
              26.5327763,
              37.3718673
            ],
            [
              26.5329488,
              37.3718068
            ],
            [
              26.5328399,
              37.3713243
            ],
            [
              26.5324846,
              37.3709602
            ],
            [
              26.5321619,
              37.3706543
            ],
            [
              26.5319036,
              37.3703888
            ],
            [
              26.5317908,
              37.3701591
            ],
            [
              26.5318807,
              37.369831
            ],
            [
              26.5322146,
              37.3695158
            ],
            [
              26.5326068,
              37.3688949
            ],
            [
              26.5324381,
              37.3680672
            ],
            [
              26.5326716,
              37.3679366
            ],
            [
              26.532951,
              37.3676257
            ],
            [
              26.5336045,
              37.3670692
            ],
            [
              26.5338232,
              37.3664492
            ],
            [
              26.5337211,
              37.3661263
            ],
            [
              26.5338083,
              37.3654867
            ],
            [
              26.5338061,
              37.3649439
            ],
            [
              26.5336657,
              37.3644137
            ],
            [
              26.533189,
              37.3638966
            ],
            [
              26.5328831,
              37.3636508
            ],
            [
              26.5324665,
              37.3637514
            ],
            [
              26.5325184,
              37.3636078
            ],
            [
              26.5328208,
              37.3634714
            ],
            [
              26.5327932,
              37.3633579
            ],
            [
              26.5329745,
              37.3632301
            ],
            [
              26.5330001,
              37.3630951
            ],
            [
              26.5326307,
              37.3629307
            ],
            [
              26.5324948,
              37.3626869
            ],
            [
              26.5326546,
              37.3624681
            ],
            [
              26.5326679,
              37.3622622
            ],
            [
              26.5331443,
              37.3620644
            ],
            [
              26.5330248,
              37.3616941
            ],
            [
              26.5335341,
              37.361509
            ],
            [
              26.53432,
              37.3609361
            ],
            [
              26.5343685,
              37.3607287
            ],
            [
              26.5351326,
              37.3606376
            ],
            [
              26.5359616,
              37.3605846
            ],
            [
              26.5369043,
              37.3604153
            ],
            [
              26.537579,
              37.3602725
            ],
            [
              26.5378064,
              37.3601168
            ],
            [
              26.5381508,
              37.3597071
            ],
            [
              26.5381686,
              37.3594247
            ],
            [
              26.537966,
              37.3592383
            ],
            [
              26.5377265,
              37.3590804
            ],
            [
              26.5377694,
              37.3589886
            ],
            [
              26.5380348,
              37.3588522
            ],
            [
              26.5382732,
              37.359036
            ],
            [
              26.5387257,
              37.3589858
            ],
            [
              26.5389669,
              37.3586511
            ],
            [
              26.5396518,
              37.3574688
            ],
            [
              26.5398804,
              37.3568453
            ],
            [
              26.5401654,
              37.3564366
            ],
            [
              26.5404044,
              37.3560319
            ],
            [
              26.5405242,
              37.3558773
            ],
            [
              26.5405456,
              37.3558602
            ],
            [
              26.5403949,
              37.3554577
            ],
            [
              26.5400312,
              37.3550714
            ],
            [
              26.5398676,
              37.3549745
            ],
            [
              26.5396984,
              37.3548743
            ],
            [
              26.5395565,
              37.3547836
            ],
            [
              26.5394913,
              37.3547419
            ],
            [
              26.5392608,
              37.3547091
            ],
            [
              26.5391481,
              37.3547917
            ],
            [
              26.5393183,
              37.3549704
            ],
            [
              26.5392824,
              37.3550378
            ],
            [
              26.5391937,
              37.3550181
            ],
            [
              26.5391422,
              37.3549294
            ],
            [
              26.5389148,
              37.3549132
            ],
            [
              26.5386913,
              37.3550008
            ],
            [
              26.5383582,
              37.3551137
            ],
            [
              26.5377908,
              37.3554485
            ],
            [
              26.5373892,
              37.3555512
            ],
            [
              26.5369551,
              37.3555441
            ],
            [
              26.5357674,
              37.3553141
            ],
            [
              26.5347001,
              37.355101
            ],
            [
              26.5343624,
              37.355009
            ],
            [
              26.5340672,
              37.355052
            ],
            [
              26.5340715,
              37.3547553
            ],
            [
              26.5338251,
              37.3546572
            ],
            [
              26.5337713,
              37.3540671
            ],
            [
              26.5337972,
              37.3536189
            ],
            [
              26.5338147,
              37.353191
            ],
            [
              26.5336891,
              37.3528806
            ],
            [
              26.5339382,
              37.3527375
            ],
            [
              26.533975,
              37.3524593
            ],
            [
              26.5340247,
              37.3521231
            ],
            [
              26.533945,
              37.3518494
            ],
            [
              26.5334803,
              37.3516822
            ],
            [
              26.5334058,
              37.3514033
            ],
            [
              26.5332782,
              37.351327
            ],
            [
              26.5332695,
              37.3511875
            ],
            [
              26.5333347,
              37.351092
            ],
            [
              26.5332978,
              37.3509715
            ],
            [
              26.5334458,
              37.3509124
            ],
            [
              26.5339055,
              37.350934
            ],
            [
              26.5337593,
              37.3507444
            ],
            [
              26.5335207,
              37.3505965
            ],
            [
              26.5336431,
              37.3504452
            ],
            [
              26.5335345,
              37.3503196
            ],
            [
              26.5335316,
              37.3502794
            ],
            [
              26.5337689,
              37.3502024
            ],
            [
              26.5338109,
              37.3501267
            ],
            [
              26.533766,
              37.3500232
            ],
            [
              26.5337333,
              37.3499644
            ],
            [
              26.5337884,
              37.3499277
            ],
            [
              26.5338709,
              37.3499827
            ],
            [
              26.534049,
              37.3501453
            ],
            [
              26.5342729,
              37.350053
            ],
            [
              26.5345519,
              37.3499548
            ],
            [
              26.53484,
              37.3493499
            ],
            [
              26.5351942,
              37.34846
            ],
            [
              26.5350537,
              37.3478719
            ],
            [
              26.5345802,
              37.3476636
            ],
            [
              26.5347578,
              37.347444
            ],
            [
              26.5345642,
              37.347402
            ],
            [
              26.5344137,
              37.3473208
            ],
            [
              26.5342975,
              37.3472221
            ],
            [
              26.5343487,
              37.3471961
            ],
            [
              26.5345498,
              37.3472407
            ],
            [
              26.5346424,
              37.347201
            ],
            [
              26.5348952,
              37.3472396
            ],
            [
              26.5351896,
              37.3471543
            ],
            [
              26.5357506,
              37.3467609
            ],
            [
              26.536126,
              37.3462771
            ],
            [
              26.5363499,
              37.3459886
            ],
            [
              26.5365674,
              37.3449209
            ],
            [
              26.5366517,
              37.3445073
            ],
            [
              26.5363763,
              37.3444741
            ],
            [
              26.5362517,
              37.3444383
            ],
            [
              26.5362023,
              37.3443798
            ],
            [
              26.5362112,
              37.344305
            ],
            [
              26.5363043,
              37.3442309
            ],
            [
              26.5363794,
              37.3442226
            ],
            [
              26.5366805,
              37.3443335
            ],
            [
              26.5367372,
              37.3443234
            ],
            [
              26.5367743,
              37.3442421
            ],
            [
              26.536619,
              37.3441699
            ],
            [
              26.5366576,
              37.344105
            ],
            [
              26.5369843,
              37.3441164
            ],
            [
              26.5369352,
              37.343942
            ],
            [
              26.537092,
              37.3439598
            ],
            [
              26.537036,
              37.3438715
            ],
            [
              26.5370434,
              37.3438422
            ],
            [
              26.5372718,
              37.343739
            ],
            [
              26.5375062,
              37.3431137
            ],
            [
              26.5375525,
              37.3422986
            ],
            [
              26.5373263,
              37.3414598
            ],
            [
              26.5368657,
              37.3410502
            ],
            [
              26.5367749,
              37.3406211
            ],
            [
              26.5365953,
              37.3401152
            ],
            [
              26.5369237,
              37.3396511
            ],
            [
              26.5369094,
              37.3393099
            ],
            [
              26.5371603,
              37.3388498
            ],
            [
              26.5373784,
              37.3383031
            ],
            [
              26.537533,
              37.3379522
            ],
            [
              26.5374412,
              37.3378749
            ],
            [
              26.53743,
              37.3378104
            ],
            [
              26.5374708,
              37.3377271
            ],
            [
              26.5378152,
              37.3375682
            ],
            [
              26.537936,
              37.3374456
            ],
            [
              26.5378382,
              37.3373565
            ],
            [
              26.5378154,
              37.3372888
            ],
            [
              26.5379241,
              37.3371845
            ],
            [
              26.5383921,
              37.3370035
            ],
            [
              26.5385131,
              37.3369266
            ],
            [
              26.5387575,
              37.336888
            ],
            [
              26.5390477,
              37.3369986
            ],
            [
              26.5394361,
              37.3371777
            ],
            [
              26.5396743,
              37.3374805
            ],
            [
              26.5398074,
              37.3377065
            ],
            [
              26.540037,
              37.337843
            ],
            [
              26.5401417,
              37.3379125
            ],
            [
              26.5403484,
              37.337948
            ],
            [
              26.5406867,
              37.3379208
            ],
            [
              26.5409323,
              37.3379637
            ],
            [
              26.5413604,
              37.33819
            ],
            [
              26.5414801,
              37.3383117
            ],
            [
              26.5416535,
              37.3383779
            ],
            [
              26.5416516,
              37.3384591
            ],
            [
              26.542077,
              37.3386597
            ],
            [
              26.5422192,
              37.3386946
            ],
            [
              26.5431515,
              37.3382725
            ],
            [
              26.5433615,
              37.338139
            ],
            [
              26.5436704,
              37.3379243
            ],
            [
              26.5440179,
              37.3375878
            ],
            [
              26.5441014,
              37.3374938
            ],
            [
              26.544226,
              37.3373269
            ],
            [
              26.5444915,
              37.3368122
            ],
            [
              26.5445872,
              37.3362235
            ],
            [
              26.5447629,
              37.3359522
            ],
            [
              26.5450333,
              37.3351714
            ],
            [
              26.545004,
              37.3347919
            ],
            [
              26.5448728,
              37.3347217
            ],
            [
              26.5449602,
              37.3346248
            ],
            [
              26.5449495,
              37.3338679
            ],
            [
              26.5446133,
              37.3334713
            ],
            [
              26.5443335,
              37.3332729
            ],
            [
              26.5441117,
              37.3332601
            ],
            [
              26.5437689,
              37.3334544
            ],
            [
              26.5438424,
              37.3335381
            ],
            [
              26.5438761,
              37.3335922
            ],
            [
              26.5438929,
              37.3336205
            ],
            [
              26.5438659,
              37.3336407
            ],
            [
              26.543837,
              37.3336166
            ],
            [
              26.5437794,
              37.3335212
            ],
            [
              26.5437691,
              37.3335066
            ],
            [
              26.5437085,
              37.333547
            ],
            [
              26.5436443,
              37.3335648
            ],
            [
              26.5436309,
              37.3335507
            ],
            [
              26.5436448,
              37.3335006
            ],
            [
              26.5432303,
              37.3333669
            ],
            [
              26.5431416,
              37.3331312
            ],
            [
              26.5430667,
              37.3329052
            ],
            [
              26.5427902,
              37.3328763
            ],
            [
              26.5424964,
              37.3328213
            ],
            [
              26.5418903,
              37.3324103
            ],
            [
              26.5417565,
              37.3323423
            ],
            [
              26.5415905,
              37.3323224
            ],
            [
              26.5412759,
              37.3325051
            ],
            [
              26.540499,
              37.3330825
            ],
            [
              26.5400645,
              37.3333683
            ],
            [
              26.5398614,
              37.3334296
            ],
            [
              26.5397079,
              37.3334544
            ],
            [
              26.5395178,
              37.3333953
            ],
            [
              26.5392427,
              37.3330942
            ],
            [
              26.5389813,
              37.3327354
            ],
            [
              26.5386186,
              37.3325537
            ],
            [
              26.5382842,
              37.3325802
            ],
            [
              26.5368168,
              37.3329042
            ],
            [
              26.5365998,
              37.3328791
            ],
            [
              26.5365353,
              37.3330008
            ],
            [
              26.5363046,
              37.3330717
            ],
            [
              26.5360214,
              37.333145
            ],
            [
              26.535855,
              37.3331535
            ],
            [
              26.5355948,
              37.3330874
            ],
            [
              26.5354621,
              37.3329538
            ],
            [
              26.5353288,
              37.3325619
            ],
            [
              26.5355063,
              37.3323674
            ],
            [
              26.5354677,
              37.3319957
            ],
            [
              26.5353582,
              37.3315959
            ],
            [
              26.5354179,
              37.3308628
            ],
            [
              26.5356104,
              37.3306731
            ],
            [
              26.5355131,
              37.3305209
            ],
            [
              26.5353708,
              37.3303554
            ],
            [
              26.5351108,
              37.3302855
            ],
            [
              26.5349258,
              37.3302057
            ],
            [
              26.5345227,
              37.3302916
            ],
            [
              26.5339856,
              37.3306505
            ],
            [
              26.5336704,
              37.3310543
            ],
            [
              26.533406,
              37.3312381
            ],
            [
              26.5332595,
              37.3314865
            ],
            [
              26.5332658,
              37.3316024
            ],
            [
              26.5332202,
              37.3316959
            ],
            [
              26.5330836,
              37.3317265
            ],
            [
              26.5329136,
              37.3317062
            ],
            [
              26.5328575,
              37.3316213
            ],
            [
              26.5328285,
              37.3315234
            ],
            [
              26.5328913,
              37.3313969
            ],
            [
              26.5330516,
              37.331335
            ],
            [
              26.5329764,
              37.3311676
            ],
            [
              26.5328117,
              37.3310518
            ],
            [
              26.5327527,
              37.3308618
            ],
            [
              26.5324986,
              37.3306523
            ],
            [
              26.5322058,
              37.3299308
            ],
            [
              26.5319529,
              37.3298148
            ],
            [
              26.5320824,
              37.3297075
            ],
            [
              26.5319751,
              37.3294663
            ],
            [
              26.5316733,
              37.3290781
            ],
            [
              26.5311817,
              37.328831
            ],
            [
              26.5309476,
              37.3284814
            ],
            [
              26.5309784,
              37.3269508
            ],
            [
              26.5309451,
              37.3266255
            ],
            [
              26.5311154,
              37.3261913
            ],
            [
              26.5314484,
              37.3258735
            ],
            [
              26.5321216,
              37.3252746
            ],
            [
              26.532406,
              37.3252606
            ],
            [
              26.5326153,
              37.3252391
            ],
            [
              26.5329343,
              37.3251496
            ],
            [
              26.5331432,
              37.3250777
            ],
            [
              26.5332335,
              37.3249706
            ],
            [
              26.5333643,
              37.3248699
            ],
            [
              26.5337009,
              37.3247001
            ],
            [
              26.5339312,
              37.3245158
            ],
            [
              26.5339866,
              37.3243574
            ],
            [
              26.5342277,
              37.3241666
            ],
            [
              26.5351107,
              37.3236549
            ],
            [
              26.535542,
              37.3235033
            ],
            [
              26.5357597,
              37.3233322
            ],
            [
              26.5360303,
              37.3231804
            ],
            [
              26.5370563,
              37.3225967
            ],
            [
              26.5374288,
              37.3222503
            ],
            [
              26.5376548,
              37.3219006
            ],
            [
              26.5375939,
              37.3218449
            ],
            [
              26.5376169,
              37.3218152
            ],
            [
              26.5376299,
              37.3217877
            ],
            [
              26.5376718,
              37.3218738
            ],
            [
              26.537748,
              37.3219108
            ],
            [
              26.5377948,
              37.3218617
            ],
            [
              26.5377595,
              37.3218157
            ],
            [
              26.5379586,
              37.3215773
            ],
            [
              26.5379725,
              37.3214713
            ],
            [
              26.5378704,
              37.3214145
            ],
            [
              26.5378611,
              37.3213848
            ],
            [
              26.5380328,
              37.3214457
            ],
            [
              26.5381109,
              37.3214225
            ],
            [
              26.5381675,
              37.3213815
            ],
            [
              26.5381057,
              37.3213125
            ],
            [
              26.5382343,
              37.3211259
            ],
            [
              26.538216,
              37.3208276
            ],
            [
              26.5381286,
              37.3205552
            ],
            [
              26.5378876,
              37.320155
            ],
            [
              26.5376141,
              37.3198001
            ],
            [
              26.5374268,
              37.3196962
            ],
            [
              26.5371502,
              37.3196782
            ],
            [
              26.5366297,
              37.3197119
            ],
            [
              26.5364217,
              37.3197014
            ],
            [
              26.5358274,
              37.3192209
            ],
            [
              26.5353025,
              37.3192561
            ],
            [
              26.5350837,
              37.3192067
            ],
            [
              26.5350235,
              37.3192477
            ],
            [
              26.5350307,
              37.3194056
            ],
            [
              26.5349963,
              37.319469
            ],
            [
              26.5349559,
              37.3195022
            ],
            [
              26.5348859,
              37.3194557
            ],
            [
              26.5348363,
              37.3193995
            ],
            [
              26.534874,
              37.3193531
            ],
            [
              26.5348543,
              37.3192619
            ],
            [
              26.5347285,
              37.3191954
            ],
            [
              26.5345315,
              37.3191491
            ],
            [
              26.5344158,
              37.3191902
            ],
            [
              26.5336603,
              37.3194819
            ],
            [
              26.53347,
              37.3196023
            ],
            [
              26.5330858,
              37.3195631
            ],
            [
              26.532786,
              37.3195338
            ],
            [
              26.5327179,
              37.3195497
            ],
            [
              26.5325146,
              37.3196847
            ],
            [
              26.5322463,
              37.3197153
            ],
            [
              26.5318031,
              37.3196764
            ],
            [
              26.5318054,
              37.3196419
            ],
            [
              26.5318784,
              37.3195953
            ],
            [
              26.5320046,
              37.3195407
            ],
            [
              26.5319797,
              37.3195156
            ],
            [
              26.5319238,
              37.3194727
            ],
            [
              26.5318728,
              37.3194776
            ],
            [
              26.5317923,
              37.3195485
            ],
            [
              26.531615,
              37.3196068
            ],
            [
              26.5314794,
              37.3196254
            ],
            [
              26.5314499,
              37.3195916
            ],
            [
              26.5315237,
              37.3195645
            ],
            [
              26.5316515,
              37.319499
            ],
            [
              26.5317116,
              37.3194648
            ],
            [
              26.5317124,
              37.3194306
            ],
            [
              26.5316423,
              37.319411
            ],
            [
              26.5315591,
              37.3194236
            ],
            [
              26.5314973,
              37.3194051
            ],
            [
              26.5314473,
              37.3193801
            ],
            [
              26.5316769,
              37.3193464
            ],
            [
              26.5318148,
              37.319392
            ],
            [
              26.53191,
              37.3193928
            ],
            [
              26.5319668,
              37.3193331
            ],
            [
              26.5319367,
              37.3192837
            ],
            [
              26.5318538,
              37.3192627
            ],
            [
              26.5318124,
              37.3192374
            ],
            [
              26.5318326,
              37.3192
            ],
            [
              26.5320137,
              37.3191909
            ],
            [
              26.5321073,
              37.3190331
            ],
            [
              26.5321024,
              37.3189049
            ],
            [
              26.5323316,
              37.3186912
            ],
            [
              26.5324366,
              37.3186874
            ],
            [
              26.5325355,
              37.3186542
            ],
            [
              26.5326131,
              37.3185486
            ],
            [
              26.5324383,
              37.3183183
            ],
            [
              26.532324,
              37.3182234
            ],
            [
              26.5322005,
              37.3182082
            ],
            [
              26.5321623,
              37.3181553
            ],
            [
              26.532391,
              37.3181029
            ],
            [
              26.5325387,
              37.3180257
            ],
            [
              26.532635,
              37.3178779
            ],
            [
              26.5327319,
              37.3178139
            ],
            [
              26.5328018,
              37.317816
            ],
            [
              26.5328985,
              37.3177542
            ],
            [
              26.5330231,
              37.3175919
            ],
            [
              26.5331596,
              37.3175107
            ],
            [
              26.5330643,
              37.3173369
            ],
            [
              26.5330757,
              37.317203
            ],
            [
              26.5330278,
              37.3171019
            ],
            [
              26.5329689,
              37.3170514
            ],
            [
              26.5328725,
              37.3171587
            ],
            [
              26.5326444,
              37.3171225
            ],
            [
              26.5325209,
              37.3170457
            ],
            [
              26.5323917,
              37.3168622
            ],
            [
              26.5324773,
              37.3164443
            ],
            [
              26.5324395,
              37.3162311
            ],
            [
              26.5323155,
              37.3159883
            ],
            [
              26.5321749,
              37.3157758
            ],
            [
              26.5319906,
              37.3156417
            ],
            [
              26.5319193,
              37.315506
            ],
            [
              26.5317567,
              37.3155197
            ],
            [
              26.531604,
              37.3155754
            ],
            [
              26.5314883,
              37.3155214
            ],
            [
              26.5313472,
              37.3155684
            ],
            [
              26.5309889,
              37.3155938
            ],
            [
              26.5308007,
              37.3156394
            ],
            [
              26.53069,
              37.3155512
            ],
            [
              26.5305135,
              37.3155195
            ],
            [
              26.5302109,
              37.3152938
            ],
            [
              26.5300632,
              37.3152694
            ],
            [
              26.5300068,
              37.3153863
            ],
            [
              26.5297639,
              37.3153128
            ],
            [
              26.5294963,
              37.3151904
            ],
            [
              26.5292011,
              37.31493
            ],
            [
              26.5294643,
              37.3148096
            ],
            [
              26.5294834,
              37.3147652
            ],
            [
              26.5296877,
              37.3145469
            ],
            [
              26.5297835,
              37.3145284
            ],
            [
              26.5299214,
              37.3145378
            ],
            [
              26.529973,
              37.3146314
            ],
            [
              26.5300197,
              37.3145731
            ],
            [
              26.5300991,
              37.3145483
            ],
            [
              26.5300491,
              37.3145036
            ],
            [
              26.5300435,
              37.3144813
            ],
            [
              26.5300964,
              37.3144637
            ],
            [
              26.5301683,
              37.3144643
            ],
            [
              26.5303087,
              37.3143535
            ],
            [
              26.5303187,
              37.314291
            ],
            [
              26.5304883,
              37.3141359
            ],
            [
              26.5304962,
              37.3140507
            ],
            [
              26.5305441,
              37.3140188
            ],
            [
              26.5305557,
              37.3139705
            ],
            [
              26.5305036,
              37.3139673
            ],
            [
              26.5304687,
              37.3139345
            ],
            [
              26.530488,
              37.3138851
            ],
            [
              26.5305711,
              37.3138257
            ],
            [
              26.5306245,
              37.3137863
            ],
            [
              26.5307042,
              37.3137736
            ],
            [
              26.5307618,
              37.3137504
            ],
            [
              26.5307734,
              37.3136962
            ],
            [
              26.5307456,
              37.3136624
            ],
            [
              26.5306866,
              37.3136568
            ],
            [
              26.5306109,
              37.3136764
            ],
            [
              26.5305976,
              37.3136594
            ],
            [
              26.5306312,
              37.313631
            ],
            [
              26.5306798,
              37.3136027
            ],
            [
              26.5307679,
              37.3136237
            ],
            [
              26.5308296,
              37.313623
            ],
            [
              26.5309312,
              37.3135086
            ],
            [
              26.5309909,
              37.3133698
            ],
            [
              26.5310541,
              37.3131634
            ],
            [
              26.5310836,
              37.3131351
            ],
            [
              26.5312417,
              37.3131054
            ],
            [
              26.5313184,
              37.3130335
            ],
            [
              26.5314199,
              37.3129205
            ],
            [
              26.5314848,
              37.3127451
            ],
            [
              26.5313776,
              37.3127181
            ],
            [
              26.5313613,
              37.3126246
            ],
            [
              26.5313925,
              37.3124826
            ],
            [
              26.5316825,
              37.3121951
            ],
            [
              26.5318293,
              37.3118558
            ],
            [
              26.5318628,
              37.3116459
            ],
            [
              26.5317104,
              37.3115217
            ],
            [
              26.5316888,
              37.3114732
            ],
            [
              26.5319606,
              37.3113005
            ],
            [
              26.5321379,
              37.311303
            ],
            [
              26.5322357,
              37.3112772
            ],
            [
              26.5323796,
              37.3112824
            ],
            [
              26.532427,
              37.3112348
            ],
            [
              26.5325074,
              37.3111026
            ],
            [
              26.5324249,
              37.3110014
            ],
            [
              26.5325268,
              37.3109238
            ],
            [
              26.5326347,
              37.3109076
            ],
            [
              26.5326927,
              37.3108413
            ],
            [
              26.5327379,
              37.310653
            ],
            [
              26.5327872,
              37.3105681
            ],
            [
              26.5328934,
              37.3104969
            ],
            [
              26.5330448,
              37.3104839
            ],
            [
              26.5331117,
              37.3104482
            ],
            [
              26.5332768,
              37.3098943
            ],
            [
              26.5332997,
              37.3096928
            ],
            [
              26.533351,
              37.3091033
            ],
            [
              26.5334308,
              37.3088889
            ],
            [
              26.5334263,
              37.3083582
            ],
            [
              26.533314,
              37.3078692
            ],
            [
              26.5332193,
              37.3075332
            ],
            [
              26.5330352,
              37.3071629
            ],
            [
              26.532898,
              37.3069677
            ],
            [
              26.5327401,
              37.306788
            ],
            [
              26.5325579,
              37.3066467
            ],
            [
              26.5323757,
              37.3065642
            ],
            [
              26.5319137,
              37.3065211
            ],
            [
              26.5317752,
              37.3063504
            ],
            [
              26.5312639,
              37.3061082
            ],
            [
              26.5311746,
              37.3060303
            ],
            [
              26.5310455,
              37.3059364
            ],
            [
              26.5308859,
              37.3058419
            ],
            [
              26.5308441,
              37.3058047
            ],
            [
              26.5310287,
              37.3057733
            ],
            [
              26.531164,
              37.3056929
            ],
            [
              26.5311695,
              37.3055395
            ],
            [
              26.5310375,
              37.3052443
            ],
            [
              26.5309415,
              37.3050391
            ],
            [
              26.5307068,
              37.3047922
            ],
            [
              26.530429,
              37.3046589
            ],
            [
              26.5300811,
              37.3045108
            ],
            [
              26.530098,
              37.304365
            ],
            [
              26.5300496,
              37.3041449
            ],
            [
              26.5301467,
              37.3039363
            ],
            [
              26.5301206,
              37.30304
            ],
            [
              26.5300454,
              37.3028773
            ],
            [
              26.5299895,
              37.3025654
            ],
            [
              26.5300293,
              37.3022591
            ],
            [
              26.5302292,
              37.3020058
            ],
            [
              26.5305553,
              37.3013476
            ],
            [
              26.5308744,
              37.3009365
            ],
            [
              26.5310907,
              37.3004176
            ],
            [
              26.5312456,
              37.2999823
            ],
            [
              26.5313257,
              37.2995469
            ],
            [
              26.531437,
              37.2993337
            ],
            [
              26.5314315,
              37.2988715
            ],
            [
              26.5314868,
              37.2982682
            ],
            [
              26.5315455,
              37.2974723
            ],
            [
              26.5315092,
              37.2970892
            ],
            [
              26.5313943,
              37.296681
            ],
            [
              26.5312475,
              37.2960548
            ],
            [
              26.5311674,
              37.2957686
            ],
            [
              26.5310014,
              37.2954205
            ],
            [
              26.5308973,
              37.295277
            ],
            [
              26.5307068,
              37.2950937
            ],
            [
              26.5305518,
              37.2949812
            ],
            [
              26.5304531,
              37.2949053
            ],
            [
              26.5303241,
              37.2948997
            ],
            [
              26.5302164,
              37.2950039
            ],
            [
              26.5301825,
              37.2950775
            ],
            [
              26.5300834,
              37.2951288
            ],
            [
              26.529954,
              37.2951423
            ],
            [
              26.5298139,
              37.2951164
            ],
            [
              26.5296447,
              37.2950905
            ],
            [
              26.5296462,
              37.2950357
            ],
            [
              26.5296972,
              37.2949667
            ],
            [
              26.5297014,
              37.294878
            ],
            [
              26.5295818,
              37.294505
            ],
            [
              26.529466,
              37.2944727
            ],
            [
              26.529251,
              37.2945586
            ],
            [
              26.5290299,
              37.2945509
            ],
            [
              26.5289628,
              37.2944966
            ],
            [
              26.5289701,
              37.2944307
            ],
            [
              26.5289101,
              37.2943223
            ],
            [
              26.5287558,
              37.2943145
            ],
            [
              26.5285796,
              37.2942297
            ],
            [
              26.5280986,
              37.2942113
            ],
            [
              26.5280235,
              37.2942198
            ],
            [
              26.5279108,
              37.2941131
            ],
            [
              26.5275621,
              37.2940278
            ],
            [
              26.5274495,
              37.2939168
            ],
            [
              26.5273956,
              37.2937314
            ],
            [
              26.5271084,
              37.2936701
            ],
            [
              26.5270106,
              37.2936162
            ],
            [
              26.526926,
              37.2935205
            ],
            [
              26.5268189,
              37.2935474
            ],
            [
              26.5265858,
              37.2936821
            ],
            [
              26.5263551,
              37.2938187
            ],
            [
              26.5260869,
              37.2940278
            ],
            [
              26.5257483,
              37.2942197
            ],
            [
              26.5257107,
              37.294366
            ],
            [
              26.5256121,
              37.2944761
            ],
            [
              26.5255318,
              37.2944862
            ],
            [
              26.5256256,
              37.2941259
            ],
            [
              26.5258884,
              37.2939296
            ],
            [
              26.5258026,
              37.2937291
            ],
            [
              26.5258187,
              37.2934773
            ],
            [
              26.5261996,
              37.2931529
            ],
            [
              26.5262639,
              37.2929353
            ],
            [
              26.5261513,
              37.2927475
            ],
            [
              26.5262911,
              37.2921289
            ],
            [
              26.5264356,
              37.2917915
            ],
            [
              26.5267038,
              37.2914885
            ],
            [
              26.5267277,
              37.2913027
            ],
            [
              26.5267828,
              37.2912401
            ],
            [
              26.5268379,
              37.2912623
            ],
            [
              26.5269935,
              37.2912495
            ],
            [
              26.5270694,
              37.2910947
            ],
            [
              26.5270109,
              37.2910214
            ],
            [
              26.5272823,
              37.2906795
            ],
            [
              26.5273368,
              37.2904131
            ],
            [
              26.5273583,
              37.2902082
            ],
            [
              26.527633,
              37.2899035
            ],
            [
              26.5274592,
              37.2897671
            ],
            [
              26.5274012,
              37.2896192
            ],
            [
              26.5273603,
              37.2893788
            ],
            [
              26.5274497,
              37.2892536
            ],
            [
              26.5274466,
              37.2887076
            ],
            [
              26.5272874,
              37.288467
            ],
            [
              26.5272083,
              37.2881997
            ],
            [
              26.5273985,
              37.2880633
            ],
            [
              26.527501,
              37.2880101
            ],
            [
              26.5274745,
              37.2879629
            ],
            [
              26.5273917,
              37.2879102
            ],
            [
              26.5273156,
              37.2879088
            ],
            [
              26.5272568,
              37.2878644
            ],
            [
              26.5273952,
              37.2878058
            ],
            [
              26.5274963,
              37.2876967
            ],
            [
              26.5274331,
              37.2876604
            ],
            [
              26.5274528,
              37.2876186
            ],
            [
              26.5274873,
              37.2875887
            ],
            [
              26.5275163,
              37.2875797
            ],
            [
              26.5275924,
              37.2876479
            ],
            [
              26.5276398,
              37.2875647
            ],
            [
              26.527704,
              37.2875112
            ],
            [
              26.5278047,
              37.2875036
            ],
            [
              26.5277637,
              37.2875548
            ],
            [
              26.5277581,
              37.287613
            ],
            [
              26.5278019,
              37.2876629
            ],
            [
              26.5279055,
              37.2876475
            ],
            [
              26.5279391,
              37.2876051
            ],
            [
              26.5281071,
              37.2875894
            ],
            [
              26.5283534,
              37.2875312
            ],
            [
              26.528639,
              37.2875088
            ],
            [
              26.5288174,
              37.287448
            ],
            [
              26.5289301,
              37.2874938
            ],
            [
              26.5289797,
              37.2875643
            ],
            [
              26.5290555,
              37.2876118
            ],
            [
              26.5291533,
              37.287596
            ],
            [
              26.5291759,
              37.2875569
            ],
            [
              26.5291462,
              37.2875319
            ],
            [
              26.5293012,
              37.2874605
            ],
            [
              26.5293758,
              37.2875172
            ],
            [
              26.5294665,
              37.2875248
            ],
            [
              26.5295841,
              37.2874366
            ],
            [
              26.5296484,
              37.2873707
            ],
            [
              26.52972,
              37.287385
            ],
            [
              26.5300492,
              37.2873675
            ],
            [
              26.5301264,
              37.2872966
            ],
            [
              26.5302082,
              37.2872615
            ],
            [
              26.5306643,
              37.2871512
            ],
            [
              26.5306429,
              37.2871241
            ],
            [
              26.5307611,
              37.2870819
            ],
            [
              26.5308353,
              37.2871031
            ],
            [
              26.5308361,
              37.2871264
            ],
            [
              26.5309022,
              37.2871239
            ],
            [
              26.530927,
              37.2871145
            ],
            [
              26.530872,
              37.287051
            ],
            [
              26.5308837,
              37.2870343
            ],
            [
              26.5307519,
              37.2869841
            ],
            [
              26.5305773,
              37.286919
            ],
            [
              26.5305164,
              37.2868537
            ],
            [
              26.5306373,
              37.2867959
            ],
            [
              26.5307669,
              37.2867808
            ],
            [
              26.5309469,
              37.2867945
            ],
            [
              26.5309651,
              37.2868865
            ],
            [
              26.5311415,
              37.2869379
            ],
            [
              26.5312461,
              37.2870312
            ],
            [
              26.5315844,
              37.2871825
            ],
            [
              26.5317308,
              37.287177
            ],
            [
              26.5317449,
              37.2871297
            ],
            [
              26.5319177,
              37.2870693
            ],
            [
              26.5320141,
              37.2870679
            ],
            [
              26.5320726,
              37.287142
            ],
            [
              26.5320501,
              37.2871857
            ],
            [
              26.5322468,
              37.2871226
            ],
            [
              26.5323217,
              37.2872008
            ],
            [
              26.532477,
              37.2871109
            ],
            [
              26.5325333,
              37.2871805
            ],
            [
              26.5327347,
              37.2871803
            ],
            [
              26.5328018,
              37.2871244
            ],
            [
              26.532836,
              37.2871694
            ],
            [
              26.5329829,
              37.2871705
            ],
            [
              26.5332175,
              37.2870969
            ],
            [
              26.5333208,
              37.2870798
            ],
            [
              26.5333946,
              37.2870499
            ],
            [
              26.5333652,
              37.2870072
            ],
            [
              26.5333761,
              37.2869859
            ],
            [
              26.533569,
              37.2869923
            ],
            [
              26.5335676,
              37.2870382
            ],
            [
              26.5336393,
              37.2870867
            ],
            [
              26.5337597,
              37.2871249
            ],
            [
              26.533923,
              37.287131
            ],
            [
              26.5341101,
              37.2871614
            ],
            [
              26.5343066,
              37.2872569
            ],
            [
              26.5344554,
              37.2872804
            ],
            [
              26.5347491,
              37.287306
            ],
            [
              26.5348497,
              37.2872111
            ],
            [
              26.5350978,
              37.287146
            ],
            [
              26.5352044,
              37.2872421
            ],
            [
              26.5352872,
              37.2872666
            ],
            [
              26.5354587,
              37.2873632
            ],
            [
              26.5355216,
              37.2874371
            ],
            [
              26.5355001,
              37.2875291
            ],
            [
              26.5356591,
              37.2875755
            ],
            [
              26.5357748,
              37.2875715
            ],
            [
              26.5358251,
              37.2876465
            ],
            [
              26.5358712,
              37.2876765
            ],
            [
              26.5359047,
              37.2877639
            ],
            [
              26.535874,
              37.287826
            ],
            [
              26.5358462,
              37.2878718
            ],
            [
              26.5358673,
              37.2879136
            ],
            [
              26.5359095,
              37.2879219
            ],
            [
              26.5359163,
              37.2879372
            ],
            [
              26.5359154,
              37.2879639
            ],
            [
              26.5359701,
              37.2879913
            ],
            [
              26.5360518,
              37.2879971
            ],
            [
              26.5360871,
              37.2880199
            ],
            [
              26.5361721,
              37.2881297
            ],
            [
              26.5362363,
              37.2882309
            ],
            [
              26.5363373,
              37.2881555
            ],
            [
              26.5363885,
              37.2881679
            ],
            [
              26.5364113,
              37.2881325
            ],
            [
              26.536483,
              37.288124
            ],
            [
              26.536487,
              37.2880777
            ],
            [
              26.536618,
              37.2880169
            ],
            [
              26.536705,
              37.2879955
            ],
            [
              26.5367799,
              37.288002
            ],
            [
              26.5368173,
              37.2879547
            ],
            [
              26.5368958,
              37.287938
            ],
            [
              26.5369904,
              37.287939
            ],
            [
              26.5370082,
              37.2879554
            ],
            [
              26.5370072,
              37.2880018
            ],
            [
              26.5369904,
              37.2880357
            ],
            [
              26.5369049,
              37.2881205
            ],
            [
              26.5369612,
              37.2881244
            ],
            [
              26.5370058,
              37.2880934
            ],
            [
              26.5370662,
              37.2880936
            ],
            [
              26.5370522,
              37.2881449
            ],
            [
              26.5371272,
              37.2881383
            ],
            [
              26.5372119,
              37.2881462
            ],
            [
              26.5372325,
              37.2881659
            ],
            [
              26.5372619,
              37.2881922
            ],
            [
              26.5372944,
              37.2881948
            ],
            [
              26.5373051,
              37.2882274
            ],
            [
              26.5373021,
              37.2882714
            ],
            [
              26.5373075,
              37.2882911
            ],
            [
              26.5373315,
              37.2883212
            ],
            [
              26.53719,
              37.2885459
            ],
            [
              26.5371573,
              37.2886086
            ],
            [
              26.5372767,
              37.2885218
            ],
            [
              26.5373227,
              37.2885203
            ],
            [
              26.5374163,
              37.2885131
            ],
            [
              26.5374727,
              37.2884426
            ],
            [
              26.5376197,
              37.2883932
            ],
            [
              26.5377015,
              37.2883562
            ],
            [
              26.5377404,
              37.2883236
            ],
            [
              26.5378015,
              37.2883292
            ],
            [
              26.537918,
              37.2883654
            ],
            [
              26.5379997,
              37.2883674
            ],
            [
              26.5380798,
              37.2883714
            ],
            [
              26.5381185,
              37.2884084
            ],
            [
              26.5381312,
              37.2884488
            ],
            [
              26.5381254,
              37.2885198
            ],
            [
              26.5381168,
              37.2886117
            ],
            [
              26.5380535,
              37.2887054
            ],
            [
              26.5379845,
              37.2887559
            ],
            [
              26.5378835,
              37.2887778
            ],
            [
              26.5380109,
              37.2887925
            ],
            [
              26.5379917,
              37.2888281
            ],
            [
              26.5379715,
              37.288861
            ],
            [
              26.5380106,
              37.2888719
            ],
            [
              26.5380112,
              37.288891
            ],
            [
              26.5380586,
              37.2888562
            ],
            [
              26.5380853,
              37.2888431
            ],
            [
              26.5381249,
              37.2888328
            ],
            [
              26.5382044,
              37.2887849
            ],
            [
              26.5382232,
              37.2888688
            ],
            [
              26.538187,
              37.2889027
            ],
            [
              26.5381223,
              37.288942
            ],
            [
              26.5380531,
              37.288951
            ],
            [
              26.5380257,
              37.2889864
            ],
            [
              26.5381614,
              37.2889511
            ],
            [
              26.5382403,
              37.2889459
            ],
            [
              26.53826,
              37.2889246
            ],
            [
              26.5383248,
              37.2889392
            ],
            [
              26.5386032,
              37.2889835
            ],
            [
              26.5388164,
              37.2890164
            ],
            [
              26.538867,
              37.2889998
            ],
            [
              26.5389063,
              37.2890161
            ],
            [
              26.5390188,
              37.2890392
            ],
            [
              26.5391113,
              37.2890176
            ],
            [
              26.5391543,
              37.2890351
            ],
            [
              26.5391078,
              37.289106
            ],
            [
              26.5390413,
              37.2891492
            ],
            [
              26.5390211,
              37.2891573
            ],
            [
              26.5389638,
              37.2891581
            ],
            [
              26.5389668,
              37.2891912
            ],
            [
              26.5389918,
              37.2892315
            ],
            [
              26.5390104,
              37.289282
            ],
            [
              26.5390033,
              37.2893199
            ],
            [
              26.5389616,
              37.2893472
            ],
            [
              26.5389186,
              37.2893814
            ],
            [
              26.5389344,
              37.2894964
            ],
            [
              26.5389389,
              37.2895995
            ],
            [
              26.5389314,
              37.2896124
            ],
            [
              26.5388993,
              37.289605
            ],
            [
              26.5387809,
              37.2897251
            ],
            [
              26.5387056,
              37.2897792
            ],
            [
              26.5386393,
              37.2898037
            ],
            [
              26.5385757,
              37.2898316
            ],
            [
              26.5385237,
              37.2898655
            ],
            [
              26.5384913,
              37.2899201
            ],
            [
              26.5385674,
              37.2899743
            ],
            [
              26.5385994,
              37.2899506
            ],
            [
              26.5386841,
              37.2899642
            ],
            [
              26.5386782,
              37.2900737
            ],
            [
              26.5387644,
              37.290014
            ],
            [
              26.538826,
              37.2900086
            ],
            [
              26.5388647,
              37.2900402
            ],
            [
              26.5388887,
              37.2901048
            ],
            [
              26.5388954,
              37.2901713
            ],
            [
              26.5389397,
              37.2901855
            ],
            [
              26.5389624,
              37.2902802
            ],
            [
              26.5389758,
              37.2903696
            ],
            [
              26.5389632,
              37.2903983
            ],
            [
              26.538941,
              37.2904273
            ],
            [
              26.5388979,
              37.2904223
            ],
            [
              26.5388837,
              37.2904679
            ],
            [
              26.5388023,
              37.2905081
            ],
            [
              26.5388266,
              37.2905431
            ],
            [
              26.5388714,
              37.2905446
            ],
            [
              26.5389356,
              37.290532
            ],
            [
              26.5389734,
              37.2905502
            ],
            [
              26.5389982,
              37.2905698
            ],
            [
              26.5389662,
              37.2906211
            ],
            [
              26.5389559,
              37.290667
            ],
            [
              26.5389463,
              37.2907185
            ],
            [
              26.5389836,
              37.2907863
            ],
            [
              26.5390057,
              37.2908816
            ],
            [
              26.5389787,
              37.2911314
            ],
            [
              26.538894,
              37.2911888
            ],
            [
              26.5389196,
              37.2911934
            ],
            [
              26.5389716,
              37.2912371
            ],
            [
              26.5389809,
              37.2912912
            ],
            [
              26.5389459,
              37.2914094
            ],
            [
              26.5389322,
              37.2914453
            ],
            [
              26.5389428,
              37.2914785
            ],
            [
              26.538907,
              37.2915228
            ],
            [
              26.5388593,
              37.2915259
            ],
            [
              26.5388621,
              37.2915049
            ],
            [
              26.538784,
              37.2915175
            ],
            [
              26.5387559,
              37.2915906
            ],
            [
              26.5387361,
              37.2916141
            ],
            [
              26.5387938,
              37.2916906
            ],
            [
              26.5388489,
              37.2917702
            ],
            [
              26.5388993,
              37.2918078
            ],
            [
              26.5389163,
              37.2917869
            ],
            [
              26.5389345,
              37.2918015
            ],
            [
              26.5389446,
              37.2918522
            ],
            [
              26.5390393,
              37.2919367
            ],
            [
              26.5392688,
              37.2920594
            ],
            [
              26.5394586,
              37.292106
            ],
            [
              26.5395953,
              37.292136
            ],
            [
              26.5396126,
              37.2922627
            ],
            [
              26.5396063,
              37.2923059
            ],
            [
              26.5395688,
              37.2923633
            ],
            [
              26.5395677,
              37.2924174
            ],
            [
              26.5395282,
              37.2924866
            ],
            [
              26.5395439,
              37.2925325
            ],
            [
              26.5395818,
              37.2925681
            ],
            [
              26.539671,
              37.2926023
            ],
            [
              26.5397302,
              37.2926975
            ],
            [
              26.5397038,
              37.2927657
            ],
            [
              26.5397589,
              37.2928127
            ],
            [
              26.5401593,
              37.293066
            ],
            [
              26.5409052,
              37.2931854
            ],
            [
              26.5410233,
              37.2932195
            ],
            [
              26.5412138,
              37.2932493
            ],
            [
              26.5415169,
              37.2933816
            ],
            [
              26.5416976,
              37.2934559
            ],
            [
              26.542384,
              37.2940065
            ],
            [
              26.5425851,
              37.2940516
            ],
            [
              26.5430812,
              37.2940541
            ],
            [
              26.5434083,
              37.2940291
            ],
            [
              26.5434613,
              37.2939531
            ],
            [
              26.5435736,
              37.2939429
            ],
            [
              26.5436834,
              37.2939612
            ],
            [
              26.544154,
              37.2938018
            ],
            [
              26.5446354,
              37.2936382
            ],
            [
              26.5448237,
              37.2936049
            ],
            [
              26.5449609,
              37.2936074
            ],
            [
              26.5451099,
              37.2936364
            ],
            [
              26.5452857,
              37.2936142
            ],
            [
              26.5460659,
              37.2933488
            ],
            [
              26.5467093,
              37.2930237
            ],
            [
              26.5472343,
              37.2927021
            ],
            [
              26.5477323,
              37.2923506
            ],
            [
              26.5480921,
              37.2919311
            ],
            [
              26.54813,
              37.291772
            ],
            [
              26.5484221,
              37.2915764
            ],
            [
              26.549067,
              37.2907893
            ],
            [
              26.5492271,
              37.2904563
            ],
            [
              26.5498342,
              37.2904709
            ],
            [
              26.5502061,
              37.2903942
            ],
            [
              26.550365,
              37.2904265
            ],
            [
              26.5505482,
              37.2904555
            ],
            [
              26.5508328,
              37.2904264
            ],
            [
              26.550963,
              37.2904587
            ],
            [
              26.5511663,
              37.2904652
            ],
            [
              26.5515312,
              37.2905473
            ],
            [
              26.5519733,
              37.2906843
            ],
            [
              26.5523403,
              37.2907907
            ],
            [
              26.5525583,
              37.2908293
            ],
            [
              26.5528454,
              37.2908388
            ],
            [
              26.5529685,
              37.2908887
            ],
            [
              26.5530366,
              37.2909572
            ],
            [
              26.5531054,
              37.2909777
            ],
            [
              26.5531357,
              37.2909868
            ],
            [
              26.5533868,
              37.2910618
            ],
            [
              26.5534391,
              37.2910827
            ],
            [
              26.5535427,
              37.2911376
            ],
            [
              26.553588,
              37.2911533
            ],
            [
              26.5536853,
              37.291187
            ],
            [
              26.5539418,
              37.2912005
            ],
            [
              26.5541708,
              37.2912301
            ],
            [
              26.5543789,
              37.2911893
            ],
            [
              26.5546906,
              37.2910596
            ],
            [
              26.5548481,
              37.2909652
            ],
            [
              26.5550039,
              37.2908719
            ],
            [
              26.5550571,
              37.290804
            ],
            [
              26.5552934,
              37.2905839
            ],
            [
              26.5555677,
              37.2901049
            ],
            [
              26.5557647,
              37.2897747
            ],
            [
              26.5559292,
              37.2897131
            ],
            [
              26.556251,
              37.2897003
            ],
            [
              26.5563208,
              37.2896747
            ],
            [
              26.5563959,
              37.2896043
            ],
            [
              26.5564648,
              37.2895259
            ],
            [
              26.5566695,
              37.2891071
            ],
            [
              26.5567131,
              37.2889577
            ],
            [
              26.5567334,
              37.2888408
            ],
            [
              26.5567104,
              37.2885421
            ],
            [
              26.5566641,
              37.2883127
            ],
            [
              26.5566594,
              37.288197
            ],
            [
              26.5566672,
              37.2880459
            ],
            [
              26.5566279,
              37.2878059
            ],
            [
              26.5565615,
              37.2876384
            ],
            [
              26.5565032,
              37.2875008
            ],
            [
              26.556408,
              37.2873412
            ],
            [
              26.5563771,
              37.2872516
            ],
            [
              26.5563791,
              37.287226
            ],
            [
              26.5564213,
              37.2871993
            ],
            [
              26.5562976,
              37.2870196
            ],
            [
              26.5562419,
              37.2869777
            ],
            [
              26.5561927,
              37.2869134
            ],
            [
              26.5559513,
              37.286677
            ],
            [
              26.5559124,
              37.2866866
            ],
            [
              26.5558259,
              37.2866007
            ],
            [
              26.5557052,
              37.2865191
            ],
            [
              26.5556127,
              37.286501
            ],
            [
              26.5555838,
              37.2865239
            ],
            [
              26.5553723,
              37.2863512
            ],
            [
              26.5551699,
              37.2862136
            ],
            [
              26.5546354,
              37.2859703
            ],
            [
              26.5543165,
              37.2858181
            ],
            [
              26.5541857,
              37.2857717
            ],
            [
              26.5540059,
              37.2857214
            ],
            [
              26.5539014,
              37.2857279
            ],
            [
              26.55389,
              37.285761
            ],
            [
              26.5538894,
              37.2858
            ],
            [
              26.5538773,
              37.2857594
            ],
            [
              26.553856,
              37.2857241
            ],
            [
              26.5535799,
              37.2856717
            ],
            [
              26.5533604,
              37.2856988
            ],
            [
              26.5532983,
              37.2857302
            ],
            [
              26.5532441,
              37.2858606
            ],
            [
              26.5527709,
              37.286042
            ],
            [
              26.5526297,
              37.2860782
            ],
            [
              26.5523885,
              37.2860861
            ],
            [
              26.5523632,
              37.2860699
            ],
            [
              26.5523458,
              37.2860491
            ],
            [
              26.5523498,
              37.2859381
            ],
            [
              26.5522908,
              37.285856
            ],
            [
              26.5522291,
              37.2858325
            ],
            [
              26.5521365,
              37.2858474
            ],
            [
              26.5519367,
              37.2856863
            ],
            [
              26.5519622,
              37.2855786
            ],
            [
              26.5518565,
              37.2853846
            ],
            [
              26.5508092,
              37.2846377
            ],
            [
              26.5502665,
              37.2844219
            ],
            [
              26.5498107,
              37.2843441
            ],
            [
              26.549203,
              37.2846032
            ],
            [
              26.5489642,
              37.2843226
            ],
            [
              26.5481882,
              37.283757
            ],
            [
              26.5478626,
              37.2835929
            ],
            [
              26.547613,
              37.2836015
            ],
            [
              26.5472006,
              37.2838606
            ],
            [
              26.5466336,
              37.283535
            ],
            [
              26.5463894,
              37.2835156
            ],
            [
              26.5461099,
              37.2835846
            ],
            [
              26.5460203,
              37.2837795
            ],
            [
              26.5455307,
              37.2840982
            ],
            [
              26.5450897,
              37.2844589
            ],
            [
              26.5446176,
              37.2846122
            ],
            [
              26.544412,
              37.2845047
            ],
            [
              26.5446312,
              37.2844028
            ],
            [
              26.5446494,
              37.2842796
            ],
            [
              26.5445594,
              37.2841871
            ],
            [
              26.5445958,
              37.2841014
            ],
            [
              26.5447343,
              37.2841261
            ],
            [
              26.5447682,
              37.2841779
            ],
            [
              26.5448559,
              37.2842066
            ],
            [
              26.5449649,
              37.2841114
            ],
            [
              26.545239,
              37.2832328
            ],
            [
              26.5452043,
              37.2828768
            ],
            [
              26.5446103,
              37.2822312
            ],
            [
              26.5443772,
              37.2822358
            ],
            [
              26.5442334,
              37.2824262
            ],
            [
              26.5438968,
              37.2824328
            ],
            [
              26.5435748,
              37.2822405
            ],
            [
              26.5439773,
              37.2819069
            ],
            [
              26.5437877,
              37.2816553
            ],
            [
              26.5438755,
              37.2814722
            ],
            [
              26.5437412,
              37.2811642
            ],
            [
              26.5435427,
              37.281066
            ],
            [
              26.5432314,
              37.281112
            ],
            [
              26.5430865,
              37.2808581
            ],
            [
              26.5431591,
              37.2806596
            ],
            [
              26.5431547,
              37.280574
            ],
            [
              26.5433845,
              37.2805324
            ],
            [
              26.5434543,
              37.2805146
            ],
            [
              26.5434597,
              37.2805911
            ],
            [
              26.5438781,
              37.2805566
            ],
            [
              26.5439777,
              37.2802223
            ],
            [
              26.5440935,
              37.2802338
            ],
            [
              26.5443035,
              37.2799494
            ],
            [
              26.5445902,
              37.2796943
            ],
            [
              26.5447454,
              37.2797038
            ],
            [
              26.5449166,
              37.2796178
            ],
            [
              26.5452916,
              37.2796257
            ],
            [
              26.5453823,
              37.2791115
            ],
            [
              26.5452873,
              37.2786927
            ],
            [
              26.5451951,
              37.2784444
            ],
            [
              26.5449997,
              37.2781184
            ],
            [
              26.5446687,
              37.2778485
            ],
            [
              26.5441288,
              37.277842
            ],
            [
              26.5431327,
              37.2781421
            ],
            [
              26.5430652,
              37.2779932
            ],
            [
              26.5434098,
              37.2776154
            ],
            [
              26.5433067,
              37.2768295
            ],
            [
              26.5430842,
              37.2768317
            ],
            [
              26.5427125,
              37.2770648
            ],
            [
              26.5420966,
              37.2764279
            ],
            [
              26.5418253,
              37.27651
            ],
            [
              26.5412881,
              37.2763114
            ],
            [
              26.5414774,
              37.2759225
            ],
            [
              26.5415311,
              37.275867
            ],
            [
              26.541751,
              37.2758499
            ],
            [
              26.5419656,
              37.2757859
            ],
            [
              26.5420622,
              37.2756792
            ],
            [
              26.5427885,
              37.275139
            ],
            [
              26.5430602,
              37.2750249
            ],
            [
              26.5432506,
              37.2748332
            ],
            [
              26.5433061,
              37.2750062
            ],
            [
              26.5439051,
              37.2748734
            ],
            [
              26.5440668,
              37.2747574
            ],
            [
              26.5443424,
              37.2748096
            ],
            [
              26.5446749,
              37.2745707
            ],
            [
              26.5449062,
              37.2747488
            ],
            [
              26.5453977,
              37.2747329
            ],
            [
              26.5463225,
              37.2746047
            ],
            [
              26.5471014,
              37.2740093
            ],
            [
              26.5474928,
              37.2740368
            ],
            [
              26.5481412,
              37.274162
            ],
            [
              26.5484712,
              37.274104
            ],
            [
              26.5491619,
              37.273991
            ],
            [
              26.5505931,
              37.2740612
            ],
            [
              26.5519706,
              37.2738811
            ],
            [
              26.5527649,
              37.2738047
            ],
            [
              26.5532867,
              37.2736673
            ],
            [
              26.5538623,
              37.2733925
            ],
            [
              26.5541769,
              37.2730353
            ],
            [
              26.5544992,
              37.2724124
            ],
            [
              26.5549949,
              37.2719895
            ],
            [
              26.5552711,
              37.2720766
            ],
            [
              26.5554623,
              37.2720735
            ],
            [
              26.5555467,
              37.2718445
            ],
            [
              26.5553011,
              37.2707819
            ],
            [
              26.5553663,
              37.2706083
            ],
            [
              26.5555618,
              37.2705497
            ],
            [
              26.5555873,
              37.2703897
            ],
            [
              26.556028,
              37.2703877
            ],
            [
              26.5563909,
              37.2704307
            ],
            [
              26.557872,
              37.2691574
            ],
            [
              26.5582094,
              37.2689012
            ],
            [
              26.5590484,
              37.2687988
            ],
            [
              26.5593262,
              37.2692643
            ],
            [
              26.5594029,
              37.2697559
            ],
            [
              26.559802,
              37.2700674
            ],
            [
              26.5610375,
              37.2706597
            ],
            [
              26.5618905,
              37.2708351
            ],
            [
              26.5620952,
              37.2707462
            ],
            [
              26.5621298,
              37.2708636
            ],
            [
              26.5622999,
              37.2709712
            ],
            [
              26.5628789,
              37.2709757
            ],
            [
              26.562965,
              37.2710586
            ],
            [
              26.5644065,
              37.2712735
            ],
            [
              26.5649398,
              37.2712552
            ],
            [
              26.5656334,
              37.2708589
            ],
            [
              26.5660267,
              37.2706411
            ],
            [
              26.5664076,
              37.2705934
            ],
            [
              26.5669504,
              37.2707391
            ],
            [
              26.5677524,
              37.2711727
            ],
            [
              26.5682013,
              37.2710869
            ],
            [
              26.5694598,
              37.2709254
            ],
            [
              26.5699158,
              37.2710421
            ],
            [
              26.5703058,
              37.2709495
            ],
            [
              26.5706787,
              37.2707773
            ],
            [
              26.5709478,
              37.2704887
            ],
            [
              26.5710938,
              37.2698415
            ],
            [
              26.5715012,
              37.2693132
            ],
            [
              26.5719593,
              37.2692048
            ],
            [
              26.5722804,
              37.2693012
            ],
            [
              26.572639,
              37.2694571
            ],
            [
              26.5727144,
              37.2695011
            ],
            [
              26.5728194,
              37.269476
            ],
            [
              26.572867,
              37.2695865
            ],
            [
              26.5727654,
              37.2696175
            ],
            [
              26.5726957,
              37.2696858
            ],
            [
              26.5726018,
              37.2699494
            ],
            [
              26.5722916,
              37.2703727
            ],
            [
              26.5717237,
              37.2706658
            ],
            [
              26.5715242,
              37.2709132
            ],
            [
              26.5716009,
              37.2721651
            ],
            [
              26.571575,
              37.2722208
            ],
            [
              26.5714637,
              37.2723473
            ],
            [
              26.5715014,
              37.2727077
            ],
            [
              26.5716713,
              37.2728762
            ],
            [
              26.5713247,
              37.2733345
            ],
            [
              26.5714061,
              37.2735318
            ],
            [
              26.5715693,
              37.2737139
            ],
            [
              26.5718081,
              37.2740063
            ],
            [
              26.5725083,
              37.2737476
            ],
            [
              26.5725821,
              37.2737725
            ],
            [
              26.5725922,
              37.2738236
            ],
            [
              26.5723108,
              37.2739928
            ],
            [
              26.5722301,
              37.2740738
            ],
            [
              26.5722901,
              37.2741012
            ],
            [
              26.5722123,
              37.274187
            ],
            [
              26.5720343,
              37.2745384
            ],
            [
              26.5720203,
              37.2749491
            ],
            [
              26.5717901,
              37.2750824
            ],
            [
              26.5718699,
              37.2752046
            ],
            [
              26.5717597,
              37.2752952
            ],
            [
              26.5718514,
              37.2754195
            ],
            [
              26.5717667,
              37.2755247
            ],
            [
              26.5717478,
              37.2756709
            ],
            [
              26.5716816,
              37.2758722
            ],
            [
              26.571693,
              37.2760428
            ],
            [
              26.5717109,
              37.2761885
            ],
            [
              26.5718025,
              37.2761854
            ],
            [
              26.5718185,
              37.276258
            ],
            [
              26.5717739,
              37.2762917
            ],
            [
              26.5718088,
              37.2763637
            ],
            [
              26.5719039,
              37.276352
            ],
            [
              26.5719298,
              37.2763897
            ],
            [
              26.5718618,
              37.2764454
            ],
            [
              26.5717395,
              37.276469
            ],
            [
              26.5716996,
              37.2764311
            ],
            [
              26.5716597,
              37.2764926
            ],
            [
              26.571554,
              37.2765443
            ],
            [
              26.5715937,
              37.2766618
            ],
            [
              26.5715711,
              37.2767456
            ],
            [
              26.5716705,
              37.2767235
            ],
            [
              26.5717076,
              37.2767494
            ],
            [
              26.571626,
              37.2767921
            ],
            [
              26.5715579,
              37.2768062
            ],
            [
              26.5715267,
              37.2767703
            ],
            [
              26.5714544,
              37.2767919
            ],
            [
              26.5713768,
              37.2768734
            ],
            [
              26.5714126,
              37.2769166
            ],
            [
              26.5714275,
              37.2769781
            ],
            [
              26.5713091,
              37.2770406
            ],
            [
              26.5711986,
              37.2769962
            ],
            [
              26.5709782,
              37.2773887
            ],
            [
              26.570987,
              37.2775236
            ],
            [
              26.5710791,
              37.2781098
            ],
            [
              26.5713976,
              37.2787357
            ],
            [
              26.5723184,
              37.2797066
            ],
            [
              26.5723778,
              37.280087
            ],
            [
              26.5723086,
              37.280208
            ],
            [
              26.5724611,
              37.2804816
            ],
            [
              26.5725544,
              37.2809662
            ],
            [
              26.5724484,
              37.2810474
            ],
            [
              26.5724542,
              37.2815169
            ],
            [
              26.5722807,
              37.2822242
            ],
            [
              26.5722027,
              37.2822744
            ],
            [
              26.5721265,
              37.2822812
            ],
            [
              26.5720383,
              37.2823686
            ],
            [
              26.5718462,
              37.2826441
            ],
            [
              26.571494,
              37.2826709
            ],
            [
              26.5712218,
              37.2827904
            ],
            [
              26.5708423,
              37.282832
            ],
            [
              26.570647,
              37.2829109
            ],
            [
              26.5704909,
              37.2830539
            ],
            [
              26.5703685,
              37.2832075
            ],
            [
              26.5702971,
              37.2834098
            ],
            [
              26.570279,
              37.2836803
            ],
            [
              26.5702354,
              37.2838765
            ],
            [
              26.5701556,
              37.2840154
            ],
            [
              26.5699969,
              37.2841588
            ],
            [
              26.5695773,
              37.2844252
            ],
            [
              26.5690519,
              37.2847879
            ],
            [
              26.5685598,
              37.2851223
            ],
            [
              26.5680782,
              37.2853395
            ],
            [
              26.5678481,
              37.2854217
            ],
            [
              26.5668914,
              37.2855956
            ],
            [
              26.5665561,
              37.2856831
            ],
            [
              26.5661162,
              37.2858656
            ],
            [
              26.5660041,
              37.2858913
            ],
            [
              26.5655476,
              37.2859157
            ],
            [
              26.5651479,
              37.2859232
            ],
            [
              26.5650406,
              37.2858933
            ],
            [
              26.564914,
              37.2858906
            ],
            [
              26.5647791,
              37.2859168
            ],
            [
              26.564472,
              37.2860512
            ],
            [
              26.5642132,
              37.2861451
            ],
            [
              26.5639721,
              37.2862631
            ],
            [
              26.5637733,
              37.2863575
            ],
            [
              26.5636258,
              37.286382
            ],
            [
              26.5635829,
              37.2863767
            ],
            [
              26.5634179,
              37.2864812
            ],
            [
              26.56343,
              37.2865154
            ],
            [
              26.5631748,
              37.2866856
            ],
            [
              26.562742,
              37.2868024
            ],
            [
              26.5624376,
              37.2868504
            ],
            [
              26.56216,
              37.2869721
            ],
            [
              26.5617597,
              37.2870981
            ],
            [
              26.5611568,
              37.287226
            ],
            [
              26.5610421,
              37.2872776
            ],
            [
              26.5608738,
              37.2874127
            ],
            [
              26.560725,
              37.2876059
            ],
            [
              26.5606264,
              37.2877168
            ],
            [
              26.5605513,
              37.2877435
            ],
            [
              26.5604635,
              37.287807
            ],
            [
              26.5603548,
              37.2879913
            ],
            [
              26.5602408,
              37.2880833
            ],
            [
              26.5601517,
              37.2881916
            ],
            [
              26.5600947,
              37.2883239
            ],
            [
              26.5600607,
              37.2885125
            ],
            [
              26.5600397,
              37.2886387
            ],
            [
              26.5600382,
              37.2887725
            ],
            [
              26.5600662,
              37.2890671
            ],
            [
              26.560147,
              37.2890666
            ],
            [
              26.5601496,
              37.2891204
            ],
            [
              26.5599735,
              37.289127
            ],
            [
              26.5599968,
              37.2892778
            ],
            [
              26.5599887,
              37.2894285
            ],
            [
              26.5602778,
              37.2906633
            ],
            [
              26.560231,
              37.2909125
            ],
            [
              26.5601378,
              37.2910776
            ],
            [
              26.5601305,
              37.2912726
            ],
            [
              26.5602572,
              37.2917701
            ],
            [
              26.560099,
              37.2919306
            ],
            [
              26.5600394,
              37.2919503
            ],
            [
              26.560027,
              37.2920262
            ],
            [
              26.5599792,
              37.2920646
            ],
            [
              26.5599727,
              37.2921734
            ],
            [
              26.5599436,
              37.2922943
            ],
            [
              26.5598204,
              37.2923705
            ],
            [
              26.5597494,
              37.2923748
            ],
            [
              26.5595676,
              37.2925849
            ],
            [
              26.5597182,
              37.2929917
            ],
            [
              26.5600653,
              37.2935204
            ],
            [
              26.5599585,
              37.2936546
            ],
            [
              26.560029,
              37.2939258
            ],
            [
              26.5604857,
              37.294518
            ],
            [
              26.5619668,
              37.2958275
            ],
            [
              26.5623083,
              37.2962487
            ],
            [
              26.5625469,
              37.2966309
            ],
            [
              26.5626401,
              37.2967154
            ],
            [
              26.562709,
              37.2967034
            ],
            [
              26.5627283,
              37.2967061
            ],
            [
              26.5628136,
              37.296718
            ],
            [
              26.5628578,
              37.2967588
            ],
            [
              26.5628643,
              37.2968395
            ],
            [
              26.5628804,
              37.2968857
            ],
            [
              26.5629085,
              37.2970066
            ],
            [
              26.5628599,
              37.2970878
            ],
            [
              26.5627941,
              37.2971432
            ],
            [
              26.5626789,
              37.2971594
            ],
            [
              26.5625004,
              37.2971585
            ],
            [
              26.5624474,
              37.2972195
            ],
            [
              26.562347,
              37.2972684
            ],
            [
              26.5621987,
              37.2972461
            ],
            [
              26.562126,
              37.2971791
            ],
            [
              26.5620771,
              37.297073
            ],
            [
              26.562083,
              37.2969457
            ],
            [
              26.5621398,
              37.2968105
            ],
            [
              26.56203,
              37.2967193
            ],
            [
              26.5615105,
              37.2966594
            ],
            [
              26.5611133,
              37.2967479
            ],
            [
              26.5607277,
              37.2969066
            ],
            [
              26.560522,
              37.2970382
            ],
            [
              26.5603517,
              37.2971966
            ],
            [
              26.5601829,
              37.2974179
            ],
            [
              26.5601157,
              37.297656
            ],
            [
              26.5601119,
              37.2978971
            ],
            [
              26.5601713,
              37.2980863
            ],
            [
              26.5602023,
              37.2981266
            ],
            [
              26.5603736,
              37.2982636
            ],
            [
              26.5603971,
              37.2983553
            ],
            [
              26.5603903,
              37.2984206
            ],
            [
              26.5603441,
              37.2985584
            ],
            [
              26.5602391,
              37.2988276
            ],
            [
              26.5601693,
              37.2990692
            ],
            [
              26.560215,
              37.2994547
            ],
            [
              26.5602758,
              37.2998949
            ],
            [
              26.5604102,
              37.3003216
            ],
            [
              26.5605368,
              37.3004192
            ],
            [
              26.5606855,
              37.3005223
            ],
            [
              26.56068,
              37.3005975
            ],
            [
              26.5607223,
              37.3006348
            ],
            [
              26.56071,
              37.3006776
            ],
            [
              26.5607514,
              37.3007588
            ],
            [
              26.5608358,
              37.3007963
            ],
            [
              26.5608249,
              37.3008493
            ],
            [
              26.5608231,
              37.300884
            ],
            [
              26.5607434,
              37.300902
            ],
            [
              26.5607334,
              37.3009782
            ],
            [
              26.5607583,
              37.3010287
            ],
            [
              26.5608349,
              37.3011922
            ],
            [
              26.5607983,
              37.3012825
            ],
            [
              26.5603603,
              37.3017687
            ],
            [
              26.5603469,
              37.3018957
            ],
            [
              26.5603725,
              37.30202
            ],
            [
              26.5604439,
              37.3021495
            ],
            [
              26.5605748,
              37.3024091
            ],
            [
              26.5607612,
              37.3026435
            ],
            [
              26.5609732,
              37.3028189
            ],
            [
              26.5609922,
              37.3028369
            ],
            [
              26.561098,
              37.3029202
            ],
            [
              26.5616897,
              37.3031975
            ],
            [
              26.5619645,
              37.3032751
            ],
            [
              26.5620136,
              37.3032952
            ],
            [
              26.5624543,
              37.303409
            ]
          ]
        ]
      }
    }
  ]
}
